customer_id,first_name,last_name,gender,date_of_birth,city,state,registration_date,plan_id,status
C000001,Upma,Doshi,Male,1975-08-05,Bhopal,Maharashtra,2024-11-14,P002,ACTIVE
C000002,Bhavini,Kapoor,Female,2005-07-03,Bhopal,Maharashtra,2025-07-30,P001,ACTIVE
C000003,Faqid,Khosla,Male,1991-03-04,Nagpur,Madhya Pradesh,2025-02-27,P003,ACTIVE
C000004,Manan,Sheth,Female,1979-10-11,Nagpur,Madhya Pradesh,2025-04-26,P002,ACTIVE
C000005,Upadhriti,Ganguly,Female,1983-11-23,Nagpur,Maharashtra,2024-06-17,P003,INACTIVE
C000006,Vansha,Malhotra,Female,2001-01-13,Thane,Madhya Pradesh,2025-10-28,P004,ACTIVE
C000007,Udarsh,Kar,Male,2006-03-29,Mumbai,Madhya Pradesh,2024-02-07,P002,ACTIVE
C000008,Oni,Sankaran,Female,2005-05-21,Nagpur,Madhya Pradesh,2025-07-10,P002,ACTIVE
C000009,Eiravati,Mahajan,Male,1998-11-30,Pune,Madhya Pradesh,2025-06-07,P002,ACTIVE
C000010,Ati,Dora,Male,1994-10-18,Nashik,Maharashtra,2026-03-14,P001,ACTIVE
C000011,Yashawini,Datta,Male,1955-10-13,Indore,Maharashtra,2024-09-01,P004,ACTIVE
C000012,Ganga,Dani,Female,1981-04-17,Mumbai,Maharashtra,2024-02-27,P003,ACTIVE
C000013,Nakul,Tata,Female,1984-01-08,Pune,Maharashtra,2026-04-25,P004,ACTIVE
C000014,Maya,Tripathi,Male,1961-06-18,Thane,Maharashtra,2025-12-24,P004,ACTIVE
C000015,Daksh,Solanki,Female,1975-08-05,Nagpur,Madhya Pradesh,2025-03-12,P004,INACTIVE
C000016,Zilmil,Warrior,Male,1965-08-06,Nashik,Maharashtra,2026-01-07,P001,ACTIVE
C000017,Daniel,Sankar,Male,1962-11-28,Mumbai,Madhya Pradesh,2025-06-20,P004,INACTIVE
C000018,Avi,Sant,Male,1986-05-31,Indore,Maharashtra,2025-11-02,P001,INACTIVE
C000019,Warda,Krishnamurthy,Female,1960-05-17,Mumbai,Maharashtra,2024-01-01,P002,ACTIVE
C000020,Quincy,Kamdar,Female,2008-03-12,Nashik,Madhya Pradesh,2025-10-13,P004,ACTIVE
C000021,Lila,Golla,Female,1993-12-06,Thane,Madhya Pradesh,2026-04-11,P004,ACTIVE
C000022,Zashil,Chadha,Male,1967-09-28,Mumbai,Maharashtra,2025-02-10,P003,ACTIVE
C000023,Edhitha,Chandran,Female,1993-12-26,Indore,Madhya Pradesh,2025-11-14,P001,INACTIVE
C000024,Ishaan,Anne,Female,1976-11-05,Indore,Maharashtra,2026-03-20,P001,ACTIVE
C000025,Charan,Mutti,Female,1988-01-12,Thane,Madhya Pradesh,2026-03-16,P004,ACTIVE
C000026,Hitesh,Sahota,Male,2006-01-25,Indore,Maharashtra,2025-08-26,P002,ACTIVE
C000027,Dipta,Viswanathan,Male,1972-06-04,Indore,Madhya Pradesh,2026-03-09,P001,INACTIVE
C000028,Jagat,Kunda,Male,1994-11-16,Mumbai,Maharashtra,2024-06-13,P002,ACTIVE
C000029,Matthew,Rama,Male,1965-06-27,Thane,Madhya Pradesh,2024-12-08,P004,ACTIVE
C000030,Lipika,Tata,Male,1973-06-03,Thane,Madhya Pradesh,2025-11-20,P004,ACTIVE
C000031,Pranit,Zacharia,Female,2004-12-16,Bhopal,Madhya Pradesh,2026-04-19,P003,ACTIVE
C000032,Omaja,Gokhale,Male,1960-04-14,Mumbai,Maharashtra,2025-12-26,P001,ACTIVE
C000033,Yash,Sarna,Male,1982-02-26,Nagpur,Madhya Pradesh,2024-03-22,P003,ACTIVE
C000034,Anjali,Zachariah,Male,2006-10-30,Bhopal,Madhya Pradesh,2024-09-12,P001,ACTIVE
C000035,Xiti,Jhaveri,Female,1960-01-04,Mumbai,Madhya Pradesh,2025-02-01,P002,ACTIVE
C000036,Lohit,Lall,Male,1977-10-08,Nagpur,Maharashtra,2026-04-21,P002,INACTIVE
C000037,Chasmum,Chokshi,Male,2007-02-09,Pune,Maharashtra,2023-09-26,P004,ACTIVE
C000038,Mugdha,Dani,Female,1989-03-20,Nashik,Maharashtra,2026-08-10,P002,ACTIVE
C000039,Rajata,Purohit,Male,1970-02-04,Mumbai,Madhya Pradesh,2025-12-14,P002,ACTIVE
C000040,Ansh,Bail,Female,1959-01-12,Nashik,Maharashtra,2024-07-20,P001,ACTIVE
C000041,Bhanumati,Barad,Female,1967-04-04,Indore,Maharashtra,2024-03-12,P004,ACTIVE
C000042,Tanmayi,Bali,Female,1972-10-24,Nagpur,Maharashtra,2025-12-15,P002,ACTIVE
C000043,Ranveer,Bhatia,Male,2004-01-28,Nagpur,Madhya Pradesh,2024-07-03,P003,ACTIVE
C000044,Kiaan,Dora,Female,1999-04-11,Bhopal,Maharashtra,2025-07-08,P001,INACTIVE
C000045,Kritika,Wali,Male,1992-10-26,Bhopal,Maharashtra,2025-06-23,P003,ACTIVE
C000046,Shravya,Vig,Female,2001-12-30,Nashik,Maharashtra,2026-04-03,P004,INACTIVE
C000047,Tanay,Puri,Female,1989-06-25,Mumbai,Madhya Pradesh,2026-04-27,P002,ACTIVE
C000048,Henry,Sha,Female,1982-12-20,Mumbai,Maharashtra,2023-10-16,P004,ACTIVE
C000049,Baljiwan,Naik,Female,1994-12-09,Indore,Madhya Pradesh,2025-07-07,P004,ACTIVE
C000050,Jhalak,Srivastava,Female,1979-10-30,Nashik,Madhya Pradesh,2025-03-15,P003,INACTIVE
C000051,Yasti,Balay,Female,1974-04-28,Pune,Maharashtra,2023-11-23,P004,INACTIVE
C000052,Sanaya,Brar,Female,2008-08-11,Mumbai,Maharashtra,2024-09-13,P002,ACTIVE
C000053,Amol,Naik,Female,1989-04-09,Thane,Maharashtra,2026-08-10,P003,ACTIVE
C000054,Reva,Loke,Male,1976-01-26,Nagpur,Madhya Pradesh,2026-02-08,P002,INACTIVE
C000055,Mugdha,Bali,Male,1963-12-27,Pune,Maharashtra,2024-01-09,P003,ACTIVE
C000056,Amrita,Sundaram,Male,2004-03-06,Mumbai,Madhya Pradesh,2025-05-01,P003,ACTIVE
C000057,Yug,Kara,Female,2004-09-30,Indore,Madhya Pradesh,2025-04-27,P004,ACTIVE
C000058,Ansh,Ram,Male,1956-03-25,Nagpur,Maharashtra,2026-05-26,P002,ACTIVE
C000059,Ekbal,Sem,Female,1965-12-12,Pune,Maharashtra,2024-03-02,P001,ACTIVE
C000060,Xiti,Bains,Male,1988-07-14,Pune,Madhya Pradesh,2024-03-31,P003,ACTIVE
C000061,Vidhi,Chaudhuri,Male,2008-05-07,Bhopal,Maharashtra,2025-10-19,P001,INACTIVE
C000062,Advaith,Kannan,Female,1974-11-11,Pune,Maharashtra,2025-04-21,P002,ACTIVE
C000063,Damini,Shetty,Female,1992-06-11,Nashik,Madhya Pradesh,2025-02-14,P002,ACTIVE
C000064,Bishakha,Oak,Female,1967-07-30,Pune,Madhya Pradesh,2024-03-06,P004,ACTIVE
C000065,Arya,Virk,Male,1988-04-24,Indore,Maharashtra,2023-11-24,P001,INACTIVE
C000066,Dominic,Setty,Male,1971-10-04,Nagpur,Madhya Pradesh,2024-03-02,P001,INACTIVE
C000067,Devika,Kunda,Male,1975-01-07,Thane,Madhya Pradesh,2024-01-31,P004,ACTIVE
C000068,Vanya,Tailor,Male,1985-02-25,Mumbai,Maharashtra,2024-02-09,P004,ACTIVE
C000069,Chameli,Pandya,Male,2003-12-22,Thane,Maharashtra,2025-09-01,P001,ACTIVE
C000070,Gopal,Wable,Male,1974-03-17,Indore,Madhya Pradesh,2024-03-04,P003,ACTIVE
C000071,Qarin,Pandey,Male,2001-10-25,Nashik,Madhya Pradesh,2025-03-29,P001,ACTIVE
C000072,Mason,Karan,Female,2003-01-23,Mumbai,Madhya Pradesh,2025-10-12,P001,ACTIVE
C000073,Omaja,Pradhan,Female,1966-02-11,Nagpur,Madhya Pradesh,2024-03-03,P001,ACTIVE
C000074,Agastya,Nagarajan,Female,2008-04-30,Nashik,Maharashtra,2024-03-15,P001,INACTIVE
C000075,Ria,Dhar,Female,2005-03-07,Pune,Madhya Pradesh,2023-09-25,P002,ACTIVE
C000076,Sneha,Nayak,Male,1963-06-04,Nashik,Maharashtra,2026-04-09,P003,ACTIVE
C000077,Krishna,Dugar,Female,1979-03-29,Nashik,Madhya Pradesh,2024-12-12,P001,ACTIVE
C000078,Warhi,Verma,Female,1959-07-30,Bhopal,Maharashtra,2024-02-16,P002,INACTIVE
C000079,Gaurav,Dhar,Male,1999-06-12,Indore,Madhya Pradesh,2024-03-03,P002,ACTIVE
C000080,Chaman,Panchal,Female,1973-12-11,Bhopal,Madhya Pradesh,2025-07-07,P002,INACTIVE
C000081,Yasti,Sami,Male,1974-07-17,Thane,Madhya Pradesh,2024-06-29,P003,ACTIVE
C000082,Aarav,Kothari,Female,1967-01-27,Nashik,Madhya Pradesh,2024-01-09,P001,ACTIVE
C000083,Akshay,Ganesan,Male,2005-03-19,Thane,Madhya Pradesh,2025-05-25,P004,ACTIVE
C000084,Arunima,Pai,Male,1969-09-03,Mumbai,Maharashtra,2025-11-27,P004,ACTIVE
C000085,Widisha,Sha,Female,1963-03-30,Bhopal,Madhya Pradesh,2025-05-31,P003,INACTIVE
C000086,Wridesh,Nadkarni,Male,1962-07-04,Mumbai,Maharashtra,2026-09-22,P001,ACTIVE
C000087,Shaurya,Kala,Male,2002-11-14,Indore,Maharashtra,2026-07-13,P003,ACTIVE
C000088,Daksh,Patel,Female,1959-10-04,Bhopal,Maharashtra,2024-08-10,P003,INACTIVE
C000089,Samaksh,Patel,Female,1972-09-19,Bhopal,Maharashtra,2023-10-22,P003,INACTIVE
C000090,Tanvi,Chand,Female,1966-05-19,Thane,Maharashtra,2025-09-19,P003,INACTIVE
C000091,Isaac,Mukherjee,Female,1997-01-23,Bhopal,Maharashtra,2024-10-28,P004,INACTIVE
C000092,Aishani,Hans,Female,1985-02-02,Nashik,Madhya Pradesh,2025-03-11,P004,INACTIVE
C000093,Sai,Gara,Female,1962-11-15,Nagpur,Madhya Pradesh,2023-11-18,P001,ACTIVE
C000094,Falan,Konda,Male,1996-04-13,Bhopal,Maharashtra,2024-12-10,P002,INACTIVE
C000095,Ekani,Lata,Male,1978-02-08,Nashik,Maharashtra,2026-07-17,P001,ACTIVE
C000096,Nirja,Lad,Male,1987-09-21,Nagpur,Maharashtra,2026-06-23,P004,ACTIVE
C000097,Vrinda,Subramanian,Female,1956-09-28,Indore,Madhya Pradesh,2026-05-15,P002,ACTIVE
C000098,Eshana,Nagar,Male,1997-08-19,Nashik,Madhya Pradesh,2025-07-02,P004,ACTIVE
C000099,Frado,Viswanathan,Male,1994-09-07,Mumbai,Maharashtra,2025-12-20,P001,INACTIVE
C000100,Zaitra,Madan,Female,1981-10-21,Thane,Madhya Pradesh,2024-12-24,P004,ACTIVE
C000101,Nilima,Sibal,Male,1971-09-22,Bhopal,Madhya Pradesh,2023-11-24,P001,INACTIVE
C000102,Vincent,Tailor,Female,1965-05-13,Thane,Maharashtra,2024-09-04,P003,ACTIVE
C000103,Aarini,Apte,Male,2001-08-21,Nashik,Maharashtra,2024-04-02,P004,INACTIVE
C000104,Shaurya,Korpal,Female,1990-09-01,Bhopal,Madhya Pradesh,2025-08-13,P003,ACTIVE
C000105,Wahab,Comar,Male,1956-03-18,Pune,Madhya Pradesh,2025-05-24,P004,ACTIVE
C000106,Dhriti,Vasa,Female,2005-06-04,Bhopal,Maharashtra,2025-11-24,P001,INACTIVE
C000107,Noah,Balakrishnan,Male,1981-10-21,Nashik,Madhya Pradesh,2024-08-18,P002,ACTIVE
C000108,Sanya,Barman,Female,1994-04-10,Indore,Maharashtra,2023-11-17,P002,INACTIVE
C000109,Gaurangi,Baria,Male,1996-07-27,Nashik,Maharashtra,2024-09-08,P004,INACTIVE
C000110,Balhaar,Oza,Male,2004-07-30,Pune,Maharashtra,2025-11-08,P003,INACTIVE
C000111,Jasmit,Dhar,Male,1992-06-04,Mumbai,Madhya Pradesh,2025-04-24,P004,ACTIVE
C000112,Girindra,Arya,Male,1992-02-07,Indore,Maharashtra,2026-07-19,P004,INACTIVE
C000113,Warjas,Sami,Female,1957-02-22,Nagpur,Maharashtra,2024-07-10,P003,ACTIVE
C000114,Vasudha,Arora,Female,2003-05-18,Mumbai,Maharashtra,2026-08-14,P002,ACTIVE
C000115,Ayaan,Master,Male,1970-04-28,Nagpur,Maharashtra,2026-06-30,P001,INACTIVE
C000116,Hamsini,Kamdar,Female,1977-06-08,Indore,Maharashtra,2024-02-22,P002,ACTIVE
C000117,Saksham,Kalita,Female,1963-03-05,Nashik,Madhya Pradesh,2025-10-17,P002,ACTIVE
C000118,Urvashi,Nagar,Female,1991-02-16,Indore,Maharashtra,2025-01-17,P004,ACTIVE
C000119,Ekavir,Gopal,Male,2003-04-04,Nagpur,Madhya Pradesh,2024-03-17,P004,INACTIVE
C000120,Ekani,Ravel,Female,1970-06-29,Pune,Madhya Pradesh,2024-03-14,P003,ACTIVE
C000121,Ayushman,Chandra,Male,1983-05-11,Nashik,Madhya Pradesh,2025-08-28,P004,ACTIVE
C000122,Vasatika,Tak,Female,1984-01-22,Nagpur,Madhya Pradesh,2023-11-19,P004,INACTIVE
C000123,Vaishnavi,Ratti,Male,1987-11-15,Indore,Maharashtra,2026-06-16,P001,ACTIVE
C000124,Champak,Dasgupta,Male,2008-01-02,Nashik,Madhya Pradesh,2025-11-06,P002,INACTIVE
C000125,Aadi,Bail,Male,1989-10-07,Pune,Madhya Pradesh,2024-10-26,P001,INACTIVE
C000126,Harish,Sagar,Female,1972-04-18,Nashik,Madhya Pradesh,2026-02-12,P002,INACTIVE
C000127,Nilima,Mangal,Female,1957-07-12,Nashik,Maharashtra,2025-02-16,P004,INACTIVE
C000128,Brinda,Nigam,Male,1957-12-16,Nashik,Maharashtra,2026-07-24,P002,ACTIVE
C000129,Omkaar,Dhaliwal,Male,1962-10-12,Indore,Maharashtra,2024-04-21,P004,ACTIVE
C000130,Nitara,Bhattacharyya,Female,1992-07-09,Thane,Madhya Pradesh,2024-01-16,P003,ACTIVE
C000131,Hredhaan,Tella,Male,2005-12-29,Bhopal,Maharashtra,2025-11-23,P004,ACTIVE
C000132,Aarini,Bhakta,Male,2001-07-12,Indore,Madhya Pradesh,2025-05-06,P002,ACTIVE
C000133,Manan,Garde,Female,2008-07-01,Nashik,Madhya Pradesh,2024-02-09,P001,ACTIVE
C000134,Sai,Grover,Male,1993-07-26,Nagpur,Madhya Pradesh,2026-06-09,P002,INACTIVE
C000135,Faqid,Bora,Female,1972-08-30,Nagpur,Maharashtra,2026-02-15,P001,ACTIVE
C000136,Chandani,Bose,Male,1990-03-21,Nashik,Madhya Pradesh,2024-07-27,P002,INACTIVE
C000137,Vasudha,Kala,Female,1983-05-10,Indore,Madhya Pradesh,2025-01-18,P002,ACTIVE
C000138,Onkar,Mann,Male,1993-02-25,Mumbai,Maharashtra,2024-01-26,P003,ACTIVE
C000139,Noah,Varty,Male,1958-10-06,Mumbai,Maharashtra,2025-06-14,P001,ACTIVE
C000140,Upadhriti,Wason,Female,2008-06-26,Nagpur,Madhya Pradesh,2024-02-28,P004,ACTIVE
C000141,Yashawini,Shah,Male,1971-05-06,Pune,Madhya Pradesh,2025-02-10,P002,INACTIVE
C000142,Raghav,Buch,Male,1985-05-04,Thane,Madhya Pradesh,2024-07-16,P001,INACTIVE
C000143,Nihal,Raghavan,Male,1977-03-21,Thane,Maharashtra,2024-09-25,P003,ACTIVE
C000144,Radhika,Baral,Male,1977-03-12,Mumbai,Maharashtra,2024-04-02,P002,ACTIVE
C000145,Vanya,Roy,Female,2006-08-21,Nagpur,Maharashtra,2024-04-28,P002,ACTIVE
C000146,Krish,Sura,Female,1965-11-03,Bhopal,Maharashtra,2024-05-25,P004,INACTIVE
C000147,Niharika,Basu,Male,1990-12-30,Bhopal,Madhya Pradesh,2024-08-06,P001,ACTIVE
C000148,Krisha,Korpal,Female,1999-02-13,Indore,Maharashtra,2026-02-08,P002,INACTIVE
C000149,Chakrika,Srinivasan,Male,1999-07-24,Nagpur,Madhya Pradesh,2024-05-13,P001,ACTIVE
C000150,Januja,Date,Female,1975-07-14,Pune,Maharashtra,2026-04-26,P002,INACTIVE
C000151,Pahal,Sheth,Male,1993-02-27,Thane,Madhya Pradesh,2026-07-03,P001,INACTIVE
C000152,Vihaan,Patil,Male,1990-10-24,Nashik,Madhya Pradesh,2025-11-28,P003,INACTIVE
C000153,Barkha,Deo,Male,2003-08-03,Indore,Maharashtra,2026-08-29,P004,ACTIVE
C000154,Aishani,Seshadri,Male,1980-03-03,Nashik,Maharashtra,2024-05-28,P004,ACTIVE
C000155,Dayita,Sharma,Female,1964-09-02,Mumbai,Madhya Pradesh,2024-03-19,P001,INACTIVE
C000156,Yauvani,Srinivas,Male,1986-09-25,Nashik,Madhya Pradesh,2025-12-09,P002,ACTIVE
C000157,Vedhika,Mody,Male,1987-02-02,Nashik,Maharashtra,2026-06-07,P002,ACTIVE
C000158,Rishi,Patel,Male,1973-05-02,Bhopal,Madhya Pradesh,2025-02-26,P004,ACTIVE
C000159,Charvi,Das,Male,1976-08-25,Indore,Maharashtra,2024-05-06,P002,ACTIVE
C000160,Kala,Ratta,Female,1987-02-13,Pune,Maharashtra,2024-09-15,P003,INACTIVE
C000161,Wakeeta,Rao,Male,1982-12-15,Mumbai,Maharashtra,2024-09-05,P001,ACTIVE
C000162,Azad,Sanghvi,Female,1983-04-27,Bhopal,Madhya Pradesh,2025-09-12,P003,INACTIVE
C000163,Manan,Sani,Male,2005-06-12,Indore,Maharashtra,2025-04-04,P002,INACTIVE
C000164,Divya,Sandal,Female,1963-07-07,Bhopal,Maharashtra,2024-02-11,P001,INACTIVE
C000165,Nicholas,Deep,Male,1976-11-24,Thane,Maharashtra,2024-09-03,P003,INACTIVE
C000166,Rudra,Nagy,Male,1989-04-15,Bhopal,Madhya Pradesh,2024-05-09,P001,ACTIVE
C000167,Tara,Wadhwa,Male,1965-09-06,Indore,Madhya Pradesh,2023-10-11,P002,ACTIVE
C000168,Sarthak,Swamy,Female,1990-10-30,Indore,Madhya Pradesh,2024-06-21,P003,ACTIVE
C000169,Gautam,Krishnan,Male,1974-06-13,Pune,Madhya Pradesh,2026-07-12,P002,INACTIVE
C000170,Neelima,Venkatesh,Male,1983-06-14,Bhopal,Maharashtra,2025-06-09,P004,INACTIVE
C000171,Rishi,Rajagopalan,Male,1992-11-26,Nagpur,Madhya Pradesh,2026-09-05,P003,ACTIVE
C000172,Azaan,Chowdhury,Male,1959-01-15,Nashik,Madhya Pradesh,2024-01-09,P001,ACTIVE
C000173,Urmi,Nadig,Male,1988-01-21,Indore,Madhya Pradesh,2026-09-01,P001,ACTIVE
C000174,Vasudha,Sethi,Female,1962-02-04,Nagpur,Madhya Pradesh,2026-04-13,P004,ACTIVE
C000175,Oni,Dugar,Male,1971-10-11,Pune,Madhya Pradesh,2026-03-23,P002,ACTIVE
C000176,Vaishnavi,Puri,Male,1979-08-17,Thane,Maharashtra,2024-02-24,P001,INACTIVE
C000177,Anthony,Gade,Female,2006-01-28,Nashik,Madhya Pradesh,2023-10-06,P004,ACTIVE
C000178,Ojasvi,Dhillon,Male,1973-04-29,Nagpur,Maharashtra,2024-03-21,P004,INACTIVE
C000179,Umang,Nagar,Female,1965-01-03,Pune,Maharashtra,2026-02-19,P004,ACTIVE
C000180,Deepa,Mishra,Female,1976-05-06,Nashik,Maharashtra,2024-09-25,P001,ACTIVE
C000181,Arjun,Tiwari,Female,1961-02-15,Nashik,Maharashtra,2024-09-25,P004,ACTIVE
C000182,Karan,Kara,Female,1976-01-12,Pune,Madhya Pradesh,2024-06-19,P004,ACTIVE
C000183,Anusha,Mall,Male,1960-01-18,Nagpur,Maharashtra,2024-09-07,P001,ACTIVE
C000184,Gagan,Chadha,Female,1992-12-23,Thane,Maharashtra,2025-03-23,P001,INACTIVE
C000185,Ubika,Bhattacharyya,Male,1972-12-27,Bhopal,Maharashtra,2025-08-10,P002,ACTIVE
C000186,Nitesh,Kanda,Female,2006-08-29,Indore,Maharashtra,2023-10-15,P002,ACTIVE
C000187,Hritik,Divan,Female,1975-11-30,Nashik,Madhya Pradesh,2024-07-04,P003,INACTIVE
C000188,Kabir,Shah,Male,1993-06-19,Nashik,Madhya Pradesh,2025-01-09,P004,INACTIVE
C000189,Timothy,Goel,Female,2004-12-23,Indore,Madhya Pradesh,2026-07-20,P003,ACTIVE
C000190,Girindra,Rattan,Male,1986-11-30,Pune,Maharashtra,2024-09-04,P003,ACTIVE
C000191,Chakrika,Anand,Female,1958-02-14,Nashik,Maharashtra,2023-10-17,P002,ACTIVE
C000192,Damini,Subramanian,Male,1991-01-23,Indore,Maharashtra,2024-06-05,P004,ACTIVE
C000193,Praneel,Randhawa,Female,2006-04-07,Thane,Maharashtra,2023-11-28,P004,ACTIVE
C000194,Pratyush,Kurian,Male,2004-04-23,Pune,Maharashtra,2026-03-24,P001,ACTIVE
C000195,Liam,Oza,Male,1959-07-19,Bhopal,Maharashtra,2023-12-04,P004,ACTIVE
C000196,Oviya,Agate,Female,1986-12-02,Bhopal,Maharashtra,2025-04-17,P001,ACTIVE
C000197,Deepa,Wagle,Female,1965-05-03,Bhopal,Madhya Pradesh,2026-05-08,P001,INACTIVE
C000198,Ridhi,Tata,Male,1956-06-14,Nashik,Madhya Pradesh,2025-10-15,P001,INACTIVE
C000199,Jeevika,Deshpande,Female,1986-10-13,Indore,Maharashtra,2024-02-09,P004,ACTIVE
C000200,Oscar,Keer,Female,1960-12-20,Mumbai,Madhya Pradesh,2025-12-19,P001,ACTIVE
C000201,Devansh,Ahluwalia,Female,2000-07-04,Bhopal,Maharashtra,2025-03-21,P002,ACTIVE
C000202,Advaith,Shankar,Female,1998-07-05,Bhopal,Maharashtra,2025-12-13,P002,ACTIVE
C000203,Ekta,Mitter,Female,2006-12-08,Thane,Maharashtra,2025-12-10,P001,ACTIVE
C000204,Gavin,Mahajan,Male,1974-10-12,Indore,Maharashtra,2024-05-08,P003,ACTIVE
C000205,Gopal,Sunder,Male,1957-06-20,Bhopal,Madhya Pradesh,2026-01-12,P001,ACTIVE
C000206,Diya,Sibal,Male,2007-01-17,Nashik,Maharashtra,2024-12-16,P001,ACTIVE
C000207,Azad,Chawla,Male,2000-04-26,Bhopal,Madhya Pradesh,2025-12-26,P002,ACTIVE
C000208,Neel,Thaman,Female,1978-05-10,Nagpur,Madhya Pradesh,2026-03-16,P002,ACTIVE
C000209,Kritika,Bava,Male,1988-10-08,Bhopal,Maharashtra,2024-05-06,P002,ACTIVE
C000210,Lakshmi,Date,Male,1986-07-14,Indore,Madhya Pradesh,2026-08-18,P004,ACTIVE
C000211,Agastya,Bhat,Female,2002-01-24,Nagpur,Maharashtra,2026-05-31,P004,ACTIVE
C000212,Warjas,Ravi,Male,1957-11-06,Nagpur,Maharashtra,2026-01-09,P003,ACTIVE
C000213,Mohini,Sankar,Male,2001-03-27,Mumbai,Madhya Pradesh,2023-10-11,P002,ACTIVE
C000214,Finn,Iyengar,Male,1968-12-31,Thane,Maharashtra,2026-07-03,P003,ACTIVE
C000215,Zilmil,Virk,Female,1957-09-20,Bhopal,Madhya Pradesh,2026-04-01,P003,ACTIVE
C000216,Ishani,Balay,Male,1961-11-09,Nagpur,Maharashtra,2026-09-08,P002,ACTIVE
C000217,Benjamin,Mitter,Female,1964-05-17,Pune,Madhya Pradesh,2026-01-09,P001,ACTIVE
C000218,Hamsini,Maharaj,Female,1991-04-24,Indore,Maharashtra,2024-02-11,P004,ACTIVE
C000219,Ryan,Magar,Male,1988-11-01,Bhopal,Madhya Pradesh,2026-08-02,P003,ACTIVE
C000220,Garima,Shenoy,Female,1973-12-03,Nagpur,Madhya Pradesh,2026-01-26,P001,ACTIVE
C000221,Aarnav,Dass,Male,1993-10-07,Pune,Maharashtra,2026-02-14,P001,ACTIVE
C000222,Zayyan,Khurana,Female,1972-02-16,Indore,Madhya Pradesh,2024-05-18,P003,ACTIVE
C000223,Anmol,Kaul,Female,1970-11-19,Indore,Madhya Pradesh,2026-07-07,P004,ACTIVE
C000224,Onveer,Ramaswamy,Female,1967-09-15,Thane,Madhya Pradesh,2025-09-27,P003,ACTIVE
C000225,Isha,Mander,Female,2004-07-21,Indore,Maharashtra,2024-09-08,P004,ACTIVE
C000226,Aditya,Dugal,Male,1961-02-04,Nashik,Maharashtra,2025-10-02,P004,ACTIVE
C000227,Kala,Sant,Male,1993-04-11,Nagpur,Maharashtra,2024-11-19,P004,ACTIVE
C000228,Gagan,Dugar,Male,1983-01-16,Mumbai,Maharashtra,2024-08-18,P002,ACTIVE
C000229,Manthan,Wagle,Male,1989-04-06,Thane,Maharashtra,2025-02-14,P003,ACTIVE
C000230,Gaurangi,Bera,Female,1956-01-25,Indore,Madhya Pradesh,2024-06-30,P003,ACTIVE
C000231,Suhani,Guha,Female,1998-11-28,Nashik,Maharashtra,2024-01-28,P002,ACTIVE
C000232,Elijah,Natarajan,Male,1969-10-26,Nagpur,Maharashtra,2024-09-21,P001,ACTIVE
C000233,Hamsini,Trivedi,Female,1971-04-21,Nashik,Maharashtra,2026-01-02,P001,INACTIVE
C000234,Libni,Sekhon,Female,1979-11-14,Nagpur,Maharashtra,2026-02-07,P003,ACTIVE
C000235,Triya,Kunda,Female,1962-05-18,Bhopal,Maharashtra,2024-10-01,P001,INACTIVE
C000236,Chandani,Comar,Female,1987-02-02,Pune,Madhya Pradesh,2024-09-09,P002,ACTIVE
C000237,Gayathri,Butala,Male,1992-06-15,Nashik,Madhya Pradesh,2026-03-25,P002,ACTIVE
C000238,Warinder,Bhatnagar,Male,1981-02-15,Pune,Maharashtra,2025-04-15,P004,INACTIVE
C000239,Faras,Hans,Female,2003-05-05,Nagpur,Madhya Pradesh,2025-12-19,P004,ACTIVE
C000240,Advaith,Boase,Female,1963-06-23,Indore,Madhya Pradesh,2023-10-27,P003,ACTIVE
C000241,Chandresh,Murty,Female,2004-11-02,Nashik,Maharashtra,2024-07-31,P001,ACTIVE
C000242,Yatin,Rama,Male,1974-07-04,Nagpur,Madhya Pradesh,2026-09-09,P002,INACTIVE
C000243,Saksham,Dass,Female,2004-09-13,Mumbai,Madhya Pradesh,2025-05-04,P002,INACTIVE
C000244,Harish,Sabharwal,Male,1990-01-17,Nagpur,Madhya Pradesh,2025-05-23,P002,INACTIVE
C000245,Keya,Kar,Female,1972-11-26,Pune,Madhya Pradesh,2024-05-19,P004,INACTIVE
C000246,Vidhi,Chopra,Male,1983-07-17,Mumbai,Maharashtra,2024-01-26,P003,ACTIVE
C000247,Saanvi,Nazareth,Male,1990-01-27,Bhopal,Maharashtra,2026-01-10,P004,ACTIVE
C000248,Yashasvi,Mann,Male,1996-06-19,Pune,Madhya Pradesh,2023-11-13,P004,ACTIVE
C000249,Zansi,Dada,Male,1992-07-18,Indore,Madhya Pradesh,2024-01-12,P003,INACTIVE
C000250,Champak,Saini,Female,2004-04-25,Bhopal,Maharashtra,2024-08-11,P001,ACTIVE
C000251,Darpan,Mann,Male,1995-05-02,Bhopal,Maharashtra,2024-04-12,P002,ACTIVE
C000252,Vaishnavi,Chakrabarti,Female,1966-11-18,Mumbai,Madhya Pradesh,2026-02-06,P001,ACTIVE
C000253,Imaran,Bansal,Female,1994-05-19,Pune,Maharashtra,2024-03-03,P002,INACTIVE
C000254,Ekavir,Gour,Female,1989-09-19,Nashik,Madhya Pradesh,2025-05-25,P003,ACTIVE
C000255,Edhitha,Dasgupta,Female,1959-08-22,Bhopal,Madhya Pradesh,2025-07-01,P004,ACTIVE
C000256,Gaurangi,Dua,Female,1981-11-24,Pune,Madhya Pradesh,2026-04-10,P002,ACTIVE
C000257,Victor,Apte,Male,1961-08-19,Indore,Maharashtra,2025-05-14,P001,ACTIVE
C000258,Gauri,Saini,Female,1995-07-19,Pune,Madhya Pradesh,2026-03-21,P002,ACTIVE
C000259,Wazir,Ganesan,Male,1982-03-07,Nashik,Maharashtra,2024-07-13,P002,ACTIVE
C000260,Xavier,Palla,Female,1973-06-03,Mumbai,Maharashtra,2024-03-26,P004,ACTIVE
C000261,Jhalak,Vasa,Male,1977-07-08,Nagpur,Madhya Pradesh,2025-04-19,P001,ACTIVE
C000262,Rajeshri,Dutt,Male,1957-07-15,Pune,Maharashtra,2024-11-20,P002,ACTIVE
C000263,Omkaar,Oza,Female,1986-08-23,Bhopal,Madhya Pradesh,2023-09-30,P002,ACTIVE
C000264,Ishaan,Kant,Female,1966-09-01,Thane,Maharashtra,2026-07-28,P002,INACTIVE
C000265,Pranav,Narula,Female,2008-02-10,Bhopal,Madhya Pradesh,2024-01-16,P002,INACTIVE
C000266,Orinder,Manda,Male,1973-01-06,Nashik,Maharashtra,2026-04-02,P001,INACTIVE
C000267,Chandran,Luthra,Male,1958-05-30,Mumbai,Maharashtra,2025-01-29,P001,ACTIVE
C000268,Dev,Kothari,Female,1982-03-30,Mumbai,Maharashtra,2024-07-24,P003,ACTIVE
C000269,Falak,Sankaran,Female,1983-09-25,Mumbai,Maharashtra,2026-08-30,P002,ACTIVE
C000270,Jyoti,Din,Female,1995-10-25,Nashik,Madhya Pradesh,2025-05-18,P002,ACTIVE
C000271,Laban,Badami,Male,1966-10-06,Indore,Madhya Pradesh,2025-12-18,P001,INACTIVE
C000272,Tripti,Chawla,Female,1987-06-24,Nagpur,Madhya Pradesh,2025-04-07,P002,ACTIVE
C000273,Avni,Singh,Male,1977-07-30,Thane,Maharashtra,2024-01-07,P004,ACTIVE
C000274,Wridesh,Khalsa,Male,1979-01-10,Nashik,Maharashtra,2026-03-03,P003,INACTIVE
C000275,Luke,Sunder,Female,1993-12-30,Mumbai,Maharashtra,2024-04-08,P004,INACTIVE
C000276,Geetika,Patil,Male,2000-07-18,Bhopal,Maharashtra,2026-09-04,P003,ACTIVE
C000277,Harinakshi,Ratti,Male,1958-12-06,Bhopal,Madhya Pradesh,2026-02-01,P002,ACTIVE
C000278,Mohammed,Ramesh,Male,2000-04-13,Mumbai,Madhya Pradesh,2026-09-03,P002,ACTIVE
C000279,Matthew,Radhakrishnan,Female,1986-02-21,Indore,Madhya Pradesh,2024-06-23,P001,ACTIVE
C000280,Samaksh,Aggarwal,Female,1985-09-06,Indore,Maharashtra,2025-12-25,P002,ACTIVE
C000281,Karan,Dhar,Male,1970-03-25,Bhopal,Madhya Pradesh,2023-12-16,P004,ACTIVE
C000282,Arya,Lad,Female,1984-02-17,Nagpur,Madhya Pradesh,2026-07-13,P002,ACTIVE
C000283,Jagdish,Sachar,Female,1962-11-28,Nashik,Madhya Pradesh,2025-05-29,P001,INACTIVE
C000284,Ekaraj,Bail,Male,1975-12-29,Bhopal,Madhya Pradesh,2025-08-03,P003,ACTIVE
C000285,Nimrat,Tiwari,Male,1990-02-09,Thane,Maharashtra,2026-03-14,P003,ACTIVE
C000286,Lavanya,Behl,Male,1992-04-28,Pune,Maharashtra,2026-05-27,P002,ACTIVE
C000287,Mitali,Tandon,Female,1978-10-23,Indore,Maharashtra,2026-06-02,P002,ACTIVE
C000288,Oeshi,Nadkarni,Female,1992-10-19,Nashik,Maharashtra,2024-12-09,P002,ACTIVE
C000289,Owen,Sani,Male,1958-04-23,Mumbai,Madhya Pradesh,2026-05-19,P004,ACTIVE
C000290,Jeremiah,Sabharwal,Male,1991-02-16,Pune,Maharashtra,2023-10-25,P004,ACTIVE
C000291,Gavin,Sheth,Female,1997-11-28,Nashik,Madhya Pradesh,2025-03-15,P002,ACTIVE
C000292,Ranveer,Mukherjee,Female,1995-09-22,Thane,Maharashtra,2025-12-25,P002,ACTIVE
C000293,Aditya,Bhardwaj,Female,2001-11-19,Indore,Madhya Pradesh,2025-02-01,P003,INACTIVE
C000294,Hemangini,Mitter,Female,1967-01-23,Indore,Madhya Pradesh,2024-09-22,P003,ACTIVE
C000295,Yashvi,Cherian,Male,1985-06-04,Indore,Madhya Pradesh,2025-01-27,P002,ACTIVE
C000296,Faraj,Varma,Female,2006-04-01,Pune,Madhya Pradesh,2023-10-09,P002,INACTIVE
C000297,Champak,Barman,Female,1987-05-18,Pune,Maharashtra,2026-04-21,P004,ACTIVE
C000298,Radhika,Parmar,Female,1995-03-16,Bhopal,Maharashtra,2024-07-27,P003,ACTIVE
C000299,Abhimanyu,Ram,Male,1977-09-21,Thane,Madhya Pradesh,2025-11-16,P003,ACTIVE
C000300,Jeevika,Deol,Male,1997-12-25,Bhopal,Madhya Pradesh,2024-11-08,P004,ACTIVE
C000301,Chavvi,Varkey,Female,1982-05-22,Nashik,Madhya Pradesh,2024-11-09,P001,ACTIVE
C000302,Zayan,Ganesan,Male,1956-01-07,Bhopal,Madhya Pradesh,2024-03-19,P003,ACTIVE
C000303,Aarini,Babu,Female,1986-11-20,Nagpur,Madhya Pradesh,2023-11-24,P001,ACTIVE
C000304,Ekantika,Hora,Male,1991-03-04,Nashik,Madhya Pradesh,2025-12-05,P001,ACTIVE
C000305,Faris,Minhas,Female,1972-07-19,Indore,Maharashtra,2026-08-14,P004,ACTIVE
C000306,Faras,Sandhu,Female,1986-05-14,Thane,Madhya Pradesh,2025-02-01,P003,ACTIVE
C000307,Anjali,Gole,Female,1987-07-03,Nashik,Maharashtra,2023-12-13,P004,ACTIVE
C000308,Oeshi,Saran,Female,1964-08-04,Indore,Maharashtra,2025-10-08,P002,INACTIVE
C000309,Siya,Bath,Male,1956-02-08,Thane,Madhya Pradesh,2024-10-20,P004,INACTIVE
C000310,Gagan,Kohli,Male,1983-02-20,Thane,Maharashtra,2026-08-21,P001,ACTIVE
C000311,Triya,Upadhyay,Male,1960-05-31,Nashik,Madhya Pradesh,2024-08-12,P004,INACTIVE
C000312,Vasatika,Nagarajan,Female,1976-09-28,Indore,Maharashtra,2024-12-26,P002,ACTIVE
C000313,Yashvi,Taneja,Female,1976-09-01,Thane,Madhya Pradesh,2025-04-05,P003,ACTIVE
C000314,Ira,Ghosh,Female,2005-08-19,Bhopal,Madhya Pradesh,2025-05-24,P004,INACTIVE
C000315,Shaurya,Ahuja,Male,1980-05-09,Bhopal,Maharashtra,2024-03-25,P004,ACTIVE
C000316,Chatura,Nigam,Female,1994-10-20,Mumbai,Madhya Pradesh,2024-01-27,P004,ACTIVE
C000317,Avi,Thaman,Female,1988-06-13,Nagpur,Madhya Pradesh,2025-07-27,P002,ACTIVE
C000318,Krish,Golla,Female,1963-04-18,Indore,Madhya Pradesh,2025-09-12,P001,ACTIVE
C000319,Aarush,Bose,Female,1958-02-03,Nashik,Madhya Pradesh,2025-05-31,P003,ACTIVE
C000320,Rushil,Khurana,Male,1977-04-09,Bhopal,Maharashtra,2025-02-23,P003,INACTIVE
C000321,Anamika,Bir,Male,1967-05-03,Pune,Maharashtra,2024-05-25,P003,ACTIVE
C000322,Aishani,Bains,Female,1973-10-10,Thane,Maharashtra,2023-10-06,P003,INACTIVE
C000323,Jasmit,Johal,Male,1976-11-14,Nashik,Madhya Pradesh,2024-12-15,P003,ACTIVE
C000324,Faqid,Roy,Male,1957-08-19,Pune,Maharashtra,2025-07-20,P004,INACTIVE
C000325,Alexander,Sridhar,Male,2005-12-22,Thane,Maharashtra,2024-04-05,P001,ACTIVE
C000326,Yagnesh,Bhasin,Male,2001-04-19,Mumbai,Maharashtra,2025-04-27,P003,ACTIVE
C000327,Mohammed,Andra,Male,1979-02-01,Nagpur,Maharashtra,2024-02-13,P003,ACTIVE
C000328,Dayita,Sura,Male,1961-06-30,Nashik,Maharashtra,2025-09-07,P004,ACTIVE
C000329,Lopa,Balay,Male,1971-02-01,Thane,Maharashtra,2026-04-06,P002,ACTIVE
C000330,Lakshmi,Om,Female,2008-04-06,Nashik,Madhya Pradesh,2026-05-09,P004,ACTIVE
C000331,Isha,Chanda,Female,1974-12-26,Mumbai,Madhya Pradesh,2025-03-25,P001,ACTIVE
C000332,Simon,Saini,Female,1973-09-04,Pune,Madhya Pradesh,2025-08-25,P002,ACTIVE
C000333,Lucky,Bali,Female,1970-02-05,Bhopal,Madhya Pradesh,2025-12-04,P004,ACTIVE
C000334,Naksh,Saha,Female,1966-08-06,Bhopal,Maharashtra,2026-05-19,P003,ACTIVE
C000335,Rayaan,Tank,Male,2006-10-12,Indore,Madhya Pradesh,2024-07-01,P003,INACTIVE
C000336,Barkha,Tata,Female,1970-12-12,Pune,Madhya Pradesh,2025-03-18,P002,ACTIVE
C000337,Anika,Sidhu,Male,2003-02-14,Bhopal,Madhya Pradesh,2026-09-06,P004,INACTIVE
C000338,Oeshi,Dani,Female,1994-01-03,Nagpur,Madhya Pradesh,2026-08-14,P004,ACTIVE
C000339,Yatan,Pai,Female,1976-02-21,Nashik,Maharashtra,2026-01-06,P001,ACTIVE
C000340,Qasim,Lata,Male,1976-12-07,Pune,Maharashtra,2023-10-19,P004,ACTIVE
C000341,Gagan,Bora,Female,1985-11-04,Mumbai,Madhya Pradesh,2026-09-15,P003,INACTIVE
C000342,Charles,Devi,Male,1986-09-18,Mumbai,Maharashtra,2024-12-27,P002,INACTIVE
C000343,Zayan,Rout,Female,2006-09-09,Thane,Madhya Pradesh,2026-05-12,P004,INACTIVE
C000344,Baghyawati,Rastogi,Male,1993-05-15,Pune,Madhya Pradesh,2023-10-07,P001,INACTIVE
C000345,Xavier,Pillai,Female,1998-12-01,Bhopal,Maharashtra,2024-05-10,P003,ACTIVE
C000346,Tanvi,Jain,Male,1995-12-24,Indore,Maharashtra,2024-03-24,P002,ACTIVE
C000347,Rudra,Sahni,Male,1958-01-05,Bhopal,Maharashtra,2025-11-20,P001,ACTIVE
C000348,Eta,Mall,Male,1963-06-24,Nashik,Maharashtra,2025-11-06,P001,ACTIVE
C000349,Udyati,Vig,Male,1994-10-25,Thane,Maharashtra,2025-05-08,P001,ACTIVE
C000350,Qasim,Tripathi,Female,1985-04-12,Bhopal,Madhya Pradesh,2024-08-05,P004,ACTIVE
C000351,Netra,Mitter,Male,1988-10-22,Mumbai,Madhya Pradesh,2024-03-06,P001,ACTIVE
C000352,Daksh,Prasad,Male,2006-12-10,Nashik,Maharashtra,2024-06-09,P002,ACTIVE
C000353,Harshil,Kari,Female,1956-05-20,Thane,Maharashtra,2026-03-31,P002,ACTIVE
C000354,Avni,Dayal,Female,1969-03-02,Pune,Madhya Pradesh,2024-02-02,P003,ACTIVE
C000355,Anika,Solanki,Male,1967-09-29,Nagpur,Maharashtra,2025-04-26,P004,ACTIVE
C000356,Jyoti,Savant,Male,2008-05-20,Nagpur,Madhya Pradesh,2026-06-16,P002,ACTIVE
C000357,Omisha,Devi,Female,1996-03-25,Thane,Maharashtra,2025-12-21,P002,ACTIVE
C000358,Ethan,Mitra,Male,1957-02-11,Bhopal,Maharashtra,2025-10-30,P004,ACTIVE
C000359,Vinaya,Sharma,Female,1974-02-25,Bhopal,Madhya Pradesh,2024-02-11,P001,ACTIVE
C000360,Sudiksha,Bansal,Female,1993-09-26,Indore,Maharashtra,2026-01-06,P004,ACTIVE
C000361,Arin,Baria,Female,1966-03-01,Nashik,Maharashtra,2023-10-14,P001,ACTIVE
C000362,Arya,Chaudhry,Female,1976-03-30,Bhopal,Madhya Pradesh,2025-08-09,P003,ACTIVE
C000363,Priya,Ahuja,Male,1974-08-26,Thane,Maharashtra,2026-02-15,P002,INACTIVE
C000364,Ishwar,Nayak,Female,2004-04-08,Nagpur,Madhya Pradesh,2025-12-07,P003,ACTIVE
C000365,Tanvi,Gera,Male,1970-11-02,Bhopal,Madhya Pradesh,2023-11-26,P004,ACTIVE
C000366,Warda,Chakrabarti,Male,1978-01-13,Pune,Madhya Pradesh,2025-01-11,P002,ACTIVE
C000367,Varsha,More,Male,1972-05-13,Pune,Maharashtra,2025-11-03,P001,ACTIVE
C000368,Ishwar,Bedi,Female,1990-10-17,Mumbai,Madhya Pradesh,2024-03-17,P002,ACTIVE
C000369,Meghana,Lanka,Female,1976-11-16,Mumbai,Maharashtra,2024-01-07,P001,ACTIVE
C000370,Ansh,Ganguly,Female,1987-09-11,Mumbai,Madhya Pradesh,2024-11-18,P004,ACTIVE
C000371,Zinal,Bala,Female,2008-03-14,Thane,Madhya Pradesh,2025-03-15,P003,ACTIVE
C000372,Manya,Choudhury,Female,1961-01-21,Thane,Maharashtra,2023-09-30,P004,ACTIVE
C000373,Harish,Vaidya,Female,1987-07-10,Mumbai,Madhya Pradesh,2026-06-02,P002,ACTIVE
C000374,Turvi,Patel,Male,1986-11-01,Nashik,Madhya Pradesh,2024-06-03,P003,ACTIVE
C000375,Bhavika,Chaudhari,Male,1956-12-01,Nagpur,Maharashtra,2026-01-10,P001,ACTIVE
C000376,Janaki,Sen,Male,1977-09-22,Pune,Madhya Pradesh,2025-01-05,P001,INACTIVE
C000377,Yashasvi,Hayer,Male,1997-07-25,Nashik,Maharashtra,2024-12-09,P002,INACTIVE
C000378,Joshua,Ramesh,Male,1970-02-11,Pune,Madhya Pradesh,2025-10-03,P003,ACTIVE
C000379,Raagini,Mitra,Male,1987-01-29,Indore,Maharashtra,2023-12-26,P001,ACTIVE
C000380,Kashvi,Pal,Male,1977-05-06,Indore,Madhya Pradesh,2024-05-28,P002,ACTIVE
C000381,Chandani,Sagar,Male,1963-01-22,Bhopal,Maharashtra,2025-02-17,P003,INACTIVE
C000382,Hemang,Vaidya,Male,1995-02-08,Nashik,Maharashtra,2023-10-30,P003,ACTIVE
C000383,Prisha,Wadhwa,Male,1969-05-16,Mumbai,Maharashtra,2023-12-19,P004,ACTIVE
C000384,Brinda,Jha,Male,1956-02-19,Thane,Madhya Pradesh,2026-03-10,P004,ACTIVE
C000385,Jalsa,Sodhi,Female,1967-11-14,Mumbai,Maharashtra,2025-06-27,P001,INACTIVE
C000386,Gunbir,Rau,Female,1984-03-03,Mumbai,Maharashtra,2023-12-19,P002,ACTIVE
C000387,Ansh,Lall,Female,1966-05-09,Thane,Maharashtra,2025-05-07,P002,INACTIVE
C000388,Jagat,Bains,Male,1971-01-27,Bhopal,Madhya Pradesh,2024-04-15,P003,ACTIVE
C000389,Bakhshi,Modi,Female,1988-02-26,Nashik,Madhya Pradesh,2024-12-17,P001,ACTIVE
C000390,Matthew,Chaudhuri,Male,1960-08-18,Bhopal,Maharashtra,2024-08-30,P001,ACTIVE
C000391,Bhavya,Mani,Male,1988-02-16,Indore,Madhya Pradesh,2024-10-10,P002,ACTIVE
C000392,Yashodhara,Bhatia,Female,1961-04-17,Nashik,Maharashtra,2026-05-05,P003,INACTIVE
C000393,Baljiwan,Iyer,Male,1982-05-26,Thane,Maharashtra,2024-08-05,P004,ACTIVE
C000394,Charan,Bhatt,Female,1996-01-06,Bhopal,Maharashtra,2025-10-25,P001,ACTIVE
C000395,Mitali,Kaul,Female,1972-09-26,Bhopal,Maharashtra,2024-10-07,P003,ACTIVE
C000396,Arjun,Behl,Male,1993-10-07,Pune,Madhya Pradesh,2025-04-23,P003,INACTIVE
C000397,Jalsa,Patil,Male,1960-01-12,Nashik,Maharashtra,2023-10-13,P004,ACTIVE
C000398,Neha,Nath,Male,1967-06-12,Nagpur,Maharashtra,2026-02-05,P003,INACTIVE
C000399,Indira,Shukla,Male,1965-12-09,Nagpur,Maharashtra,2024-11-12,P003,ACTIVE
C000400,Wyatt,Yohannan,Female,2005-05-11,Nagpur,Madhya Pradesh,2026-07-25,P001,ACTIVE
C000401,Banjeet,Kaur,Female,2004-05-17,Nagpur,Madhya Pradesh,2025-08-25,P001,ACTIVE
C000402,Rachit,Dewan,Male,1986-01-12,Nashik,Madhya Pradesh,2026-01-16,P003,ACTIVE
C000403,Darika,Dyal,Female,1987-10-11,Pune,Madhya Pradesh,2024-11-30,P003,ACTIVE
C000404,Ryan,Vasa,Male,1993-04-17,Indore,Madhya Pradesh,2025-04-23,P004,ACTIVE
C000405,Reva,Puri,Female,1992-04-27,Bhopal,Madhya Pradesh,2025-10-26,P001,ACTIVE
C000406,Mitesh,Raman,Male,2000-08-31,Bhopal,Madhya Pradesh,2024-11-18,P004,ACTIVE
C000407,Vasudha,Hegde,Female,1957-05-27,Indore,Madhya Pradesh,2024-12-10,P003,INACTIVE
C000408,Brinda,Kuruvilla,Male,1980-06-10,Pune,Madhya Pradesh,2026-05-14,P004,INACTIVE
C000409,Onkar,Srinivas,Male,1959-02-20,Nagpur,Maharashtra,2025-05-05,P002,INACTIVE
C000410,Praneel,Thaman,Male,1991-04-30,Bhopal,Madhya Pradesh,2024-03-12,P002,ACTIVE
C000411,Prisha,Kothari,Female,1973-07-28,Pune,Maharashtra,2023-11-28,P001,ACTIVE
C000412,Wahab,Contractor,Male,1996-03-16,Bhopal,Maharashtra,2025-01-15,P002,INACTIVE
C000413,Dhriti,Bobal,Female,1963-05-02,Indore,Madhya Pradesh,2023-09-23,P004,ACTIVE
C000414,Qabil,Pall,Female,1994-07-08,Nashik,Maharashtra,2024-10-27,P001,ACTIVE
C000415,George,Sandhu,Male,1983-02-02,Bhopal,Maharashtra,2026-04-21,P001,ACTIVE
C000416,Yashodhara,Lalla,Female,1995-04-13,Nagpur,Madhya Pradesh,2024-04-09,P001,ACTIVE
C000417,Advika,Prasad,Female,2002-04-27,Nashik,Maharashtra,2024-05-13,P001,ACTIVE
C000418,Vamakshi,Murty,Female,1956-01-01,Pune,Madhya Pradesh,2024-12-29,P002,ACTIVE
C000419,William,Rattan,Female,1974-09-08,Thane,Madhya Pradesh,2025-08-23,P004,ACTIVE
C000420,Mitali,Ray,Male,1957-09-08,Pune,Maharashtra,2024-01-02,P003,INACTIVE
C000421,Arya,Pradhan,Male,1995-06-09,Mumbai,Madhya Pradesh,2026-02-22,P003,ACTIVE
C000422,Udant,Dhar,Male,1972-07-10,Bhopal,Maharashtra,2024-04-09,P003,INACTIVE
C000423,Kala,Mahal,Male,1981-02-13,Pune,Madhya Pradesh,2025-09-09,P003,INACTIVE
C000424,Nathan,Badami,Male,1996-01-06,Indore,Madhya Pradesh,2026-06-18,P003,ACTIVE
C000425,Amol,Mutti,Male,1981-10-30,Nagpur,Maharashtra,2024-11-11,P001,ACTIVE
C000426,Benjamin,Kaur,Female,1982-11-27,Mumbai,Maharashtra,2026-02-04,P001,INACTIVE
C000427,Zehaan,Sarma,Male,1970-12-28,Mumbai,Madhya Pradesh,2025-04-01,P002,ACTIVE
C000428,Omaja,Wagle,Male,1984-05-09,Thane,Madhya Pradesh,2026-08-19,P004,ACTIVE
C000429,Urishilla,Kala,Male,1995-05-08,Mumbai,Maharashtra,2026-02-01,P004,INACTIVE
C000430,Orinder,Narayanan,Female,1957-07-18,Nashik,Madhya Pradesh,2025-08-29,P002,ACTIVE
C000431,Logan,Yohannan,Male,1991-07-05,Thane,Maharashtra,2023-10-01,P002,ACTIVE
C000432,Shaurya,Verma,Female,1958-07-31,Nagpur,Maharashtra,2025-11-09,P004,ACTIVE
C000433,Christopher,Shere,Male,1994-02-20,Pune,Maharashtra,2025-02-18,P001,ACTIVE
C000434,Kai,Mani,Male,1969-09-21,Indore,Maharashtra,2023-10-01,P002,ACTIVE
C000435,Parth,Khalsa,Male,2008-07-17,Mumbai,Maharashtra,2024-01-18,P003,ACTIVE
C000436,Maanas,Chahal,Female,1956-12-02,Mumbai,Maharashtra,2025-04-01,P001,ACTIVE
C000437,Pratyush,Ahuja,Male,1994-01-28,Pune,Maharashtra,2025-01-10,P004,INACTIVE
C000438,Ekalinga,Sen,Female,2003-10-20,Nagpur,Maharashtra,2026-08-24,P001,ACTIVE
C000439,Pranav,Chauhan,Female,1988-01-06,Nagpur,Maharashtra,2026-01-02,P002,INACTIVE
C000440,Tanmayi,Nadig,Male,1962-11-15,Indore,Madhya Pradesh,2024-09-24,P002,INACTIVE
C000441,Henry,Arora,Female,1986-03-09,Bhopal,Maharashtra,2024-06-09,P001,ACTIVE
C000442,Wahab,Chadha,Female,2004-11-12,Indore,Madhya Pradesh,2026-06-08,P001,ACTIVE
C000443,Ekansh,Madan,Female,1991-01-04,Nagpur,Madhya Pradesh,2026-07-04,P002,ACTIVE
C000444,Saksham,Badal,Female,1993-12-05,Indore,Madhya Pradesh,2025-04-15,P004,INACTIVE
C000445,Warinder,Contractor,Female,2000-10-04,Bhopal,Maharashtra,2026-05-16,P003,ACTIVE
C000446,Warinder,Shan,Female,1983-02-17,Bhopal,Madhya Pradesh,2023-11-05,P002,ACTIVE
C000447,Jeremiah,Kala,Male,1977-01-18,Bhopal,Madhya Pradesh,2025-04-15,P002,ACTIVE
C000448,Arjun,Badal,Female,1967-01-10,Nagpur,Maharashtra,2025-07-29,P002,ACTIVE
C000449,Pahal,Wable,Female,1984-03-26,Indore,Maharashtra,2025-12-24,P001,INACTIVE
C000450,Ishwar,Bahl,Male,2008-01-30,Bhopal,Madhya Pradesh,2024-05-04,P003,INACTIVE
C000451,Ria,Walia,Male,1959-07-03,Bhopal,Maharashtra,2025-05-23,P003,ACTIVE
C000452,Gabriel,Chadha,Female,1972-06-04,Pune,Maharashtra,2026-01-21,P003,ACTIVE
C000453,Sneha,Mann,Male,1979-09-13,Mumbai,Madhya Pradesh,2024-07-20,P003,ACTIVE
C000454,Mahika,Nagi,Female,1980-07-02,Nashik,Madhya Pradesh,2025-06-16,P003,ACTIVE
C000455,Ekta,Sengupta,Female,1978-04-05,Bhopal,Maharashtra,2024-12-23,P004,ACTIVE
C000456,Hemani,Rege,Male,1991-01-03,Mumbai,Maharashtra,2024-10-13,P004,INACTIVE
C000457,Tanveer,Kulkarni,Male,1979-01-31,Nagpur,Maharashtra,2025-07-15,P002,INACTIVE
C000458,Mitali,Tripathi,Male,1975-12-06,Mumbai,Maharashtra,2024-09-09,P002,INACTIVE
C000459,Kashvi,Brahmbhatt,Female,1958-10-13,Nashik,Madhya Pradesh,2024-01-21,P002,INACTIVE
C000460,Mahika,Misra,Male,1986-02-06,Indore,Maharashtra,2026-06-25,P003,ACTIVE
C000461,Amara,Sandhu,Female,1970-04-28,Bhopal,Maharashtra,2023-11-28,P002,ACTIVE
C000462,Nandini,Jha,Male,1967-08-11,Pune,Madhya Pradesh,2026-08-27,P004,ACTIVE
C000463,Odika,Tak,Male,1977-03-11,Indore,Maharashtra,2025-01-02,P001,ACTIVE
C000464,Janya,Gulati,Female,2005-02-02,Pune,Maharashtra,2025-06-30,P004,INACTIVE
C000465,Aarna,Lata,Female,1989-05-01,Bhopal,Maharashtra,2025-07-24,P001,ACTIVE
C000466,Naksh,Memon,Male,1969-10-12,Nagpur,Madhya Pradesh,2026-02-21,P001,ACTIVE
C000467,Chaitanya,Sawhney,Female,2003-10-24,Bhopal,Maharashtra,2025-08-01,P003,ACTIVE
C000468,Panini,Kala,Female,1980-09-02,Nagpur,Madhya Pradesh,2023-12-18,P002,ACTIVE
C000469,Dayita,Andra,Female,1956-12-18,Nagpur,Madhya Pradesh,2025-01-29,P004,ACTIVE
C000470,Lavanya,Narayan,Male,1965-11-29,Mumbai,Madhya Pradesh,2024-06-04,P001,ACTIVE
C000471,Ayaan,Banerjee,Male,1986-08-17,Bhopal,Maharashtra,2024-03-13,P001,ACTIVE
C000472,Vansha,Upadhyay,Male,1979-09-28,Pune,Madhya Pradesh,2026-08-11,P004,ACTIVE
C000473,Triveni,Batra,Female,2005-10-28,Bhopal,Madhya Pradesh,2023-10-23,P001,ACTIVE
C000474,Rudra,Dass,Male,1970-04-07,Mumbai,Maharashtra,2024-07-30,P003,INACTIVE
C000475,Ucchal,Kulkarni,Female,1975-08-21,Pune,Madhya Pradesh,2025-10-08,P002,ACTIVE
C000476,Vasana,Sahota,Female,1996-01-20,Bhopal,Madhya Pradesh,2025-11-15,P001,ACTIVE
C000477,Thomas,Vala,Female,1992-11-09,Mumbai,Madhya Pradesh,2026-09-14,P003,ACTIVE
C000478,Darpan,Warrior,Male,1977-07-15,Thane,Madhya Pradesh,2023-09-25,P004,ACTIVE
C000479,Jeet,Rama,Female,1996-08-28,Indore,Madhya Pradesh,2024-09-23,P001,INACTIVE
C000480,Nicholas,Andra,Male,2004-09-26,Nashik,Madhya Pradesh,2026-01-28,P002,ACTIVE
C000481,Pushti,Agarwal,Female,1965-06-15,Bhopal,Maharashtra,2025-08-04,P003,INACTIVE
C000482,Kai,Kata,Male,1967-03-07,Bhopal,Madhya Pradesh,2026-05-25,P003,ACTIVE
C000483,Ganga,Anand,Female,1961-08-25,Nashik,Madhya Pradesh,2024-09-27,P004,ACTIVE
C000484,Brijesh,Keer,Male,1975-07-08,Pune,Madhya Pradesh,2026-02-17,P002,INACTIVE
C000485,Logan,Dhar,Male,1976-07-22,Mumbai,Madhya Pradesh,2024-07-30,P001,ACTIVE
C000486,Krishna,Soni,Female,1983-03-01,Thane,Madhya Pradesh,2026-01-20,P003,ACTIVE
C000487,Azad,Kashyap,Male,1995-10-14,Indore,Madhya Pradesh,2024-03-09,P002,ACTIVE
C000488,Varenya,Choudhury,Female,1969-02-05,Pune,Maharashtra,2024-11-10,P002,ACTIVE
C000489,Timothy,Bhandari,Male,1989-01-11,Indore,Maharashtra,2024-12-29,P003,ACTIVE
C000490,Harshil,Sawhney,Female,1986-10-01,Nashik,Maharashtra,2025-11-09,P002,INACTIVE
C000491,Riya,Chander,Male,1961-12-08,Thane,Madhya Pradesh,2023-11-20,P002,ACTIVE
C000492,Matthew,Gour,Female,1960-05-07,Bhopal,Maharashtra,2025-07-08,P003,ACTIVE
C000493,Wridesh,Walia,Female,1993-04-22,Pune,Madhya Pradesh,2025-02-27,P004,ACTIVE
C000494,Dayamai,Aurora,Male,2005-06-28,Nashik,Maharashtra,2024-10-23,P003,ACTIVE
C000495,Yauvani,Bir,Male,1963-02-22,Mumbai,Madhya Pradesh,2026-09-19,P003,INACTIVE
C000496,Ekbal,Bose,Female,1972-02-20,Nashik,Madhya Pradesh,2024-09-15,P002,ACTIVE
C000497,Benjamin,Rau,Female,2005-05-27,Pune,Madhya Pradesh,2026-01-18,P001,ACTIVE
C000498,Jackson,Sane,Female,1992-05-22,Thane,Madhya Pradesh,2024-04-05,P004,ACTIVE
C000499,Sara,Reddy,Male,1996-09-24,Nagpur,Maharashtra,2025-10-29,P001,ACTIVE
C000500,Quincy,Sarin,Female,1986-06-24,Bhopal,Maharashtra,2023-11-16,P002,ACTIVE
C000501,Tejas,Chaudry,Female,1984-08-09,Nagpur,Madhya Pradesh,2024-03-23,P002,INACTIVE
C000502,Gayathri,Kari,Male,1977-01-03,Pune,Madhya Pradesh,2025-10-26,P003,ACTIVE
C000503,Advika,Ramanathan,Male,1995-03-22,Nagpur,Madhya Pradesh,2024-10-09,P001,ACTIVE
C000504,Rayaan,Chakrabarti,Female,1970-04-15,Thane,Madhya Pradesh,2024-02-06,P003,ACTIVE
C000505,Zayyan,Sabharwal,Male,1977-10-07,Mumbai,Madhya Pradesh,2023-11-25,P003,ACTIVE
C000506,Qabil,Dugal,Male,1959-12-08,Mumbai,Maharashtra,2025-10-24,P001,ACTIVE
C000507,Aadhya,Dayal,Female,1980-07-24,Nashik,Maharashtra,2025-03-17,P004,ACTIVE
C000508,Ucchal,Behl,Male,2003-11-30,Indore,Madhya Pradesh,2024-08-25,P002,ACTIVE
C000509,Chameli,Keer,Female,1994-04-10,Bhopal,Maharashtra,2024-02-17,P004,ACTIVE
C000510,Hitesh,Madan,Female,2008-08-20,Indore,Madhya Pradesh,2024-04-12,P004,ACTIVE
C000511,Abhiram,Bath,Female,2002-09-28,Thane,Maharashtra,2024-09-25,P004,ACTIVE
C000512,Bakhshi,Kohli,Male,1983-12-22,Nashik,Madhya Pradesh,2024-01-03,P004,ACTIVE
C000513,Inaya,Chacko,Female,2000-12-04,Nashik,Madhya Pradesh,2026-07-08,P001,ACTIVE
C000514,Ekaraj,Srinivas,Female,1960-05-12,Thane,Maharashtra,2025-08-03,P001,ACTIVE
C000515,Andrew,Chandran,Female,1993-05-08,Indore,Madhya Pradesh,2025-07-05,P001,INACTIVE
C000516,Thomas,Deshpande,Male,1964-12-16,Mumbai,Madhya Pradesh,2025-10-03,P001,ACTIVE
C000517,Mekhala,Lal,Female,1959-01-18,Pune,Maharashtra,2024-08-15,P003,INACTIVE
C000518,Waida,Ben,Male,1993-02-25,Indore,Maharashtra,2025-09-13,P004,ACTIVE
C000519,Anjali,Kothari,Male,1964-03-02,Bhopal,Maharashtra,2026-04-14,P003,ACTIVE
C000520,Nitesh,Virk,Female,1987-11-29,Pune,Madhya Pradesh,2025-03-07,P001,ACTIVE
C000521,Balveer,Deo,Male,1987-04-14,Indore,Madhya Pradesh,2025-03-08,P001,ACTIVE
C000522,Damyanti,Khanna,Male,1957-06-11,Pune,Maharashtra,2023-10-24,P002,ACTIVE
C000523,Urishilla,Kulkarni,Male,1967-08-23,Indore,Maharashtra,2026-09-09,P002,ACTIVE
C000524,Balveer,Date,Male,1990-02-22,Mumbai,Madhya Pradesh,2025-01-01,P001,ACTIVE
C000525,Vamakshi,Kala,Female,1971-12-02,Bhopal,Maharashtra,2024-06-26,P003,ACTIVE
C000526,Jairaj,Pillai,Female,1980-02-08,Mumbai,Madhya Pradesh,2024-08-30,P001,ACTIVE
C000527,Devika,Ranganathan,Female,1976-12-04,Thane,Maharashtra,2026-08-02,P002,ACTIVE
C000528,Indira,Sandhu,Female,1980-01-18,Indore,Madhya Pradesh,2025-12-23,P002,INACTIVE
C000529,Dayita,Khosla,Female,1975-05-28,Thane,Madhya Pradesh,2025-02-11,P004,ACTIVE
C000530,Jagvi,Dass,Female,1996-08-20,Nashik,Maharashtra,2024-04-12,P001,ACTIVE
C000531,Meera,Kamdar,Male,1969-09-17,Pune,Maharashtra,2025-04-05,P001,ACTIVE
C000532,Yashvi,Nayar,Male,1966-04-04,Nashik,Maharashtra,2024-07-03,P002,INACTIVE
C000533,Darika,Bhandari,Female,1987-02-17,Nagpur,Madhya Pradesh,2024-12-31,P004,ACTIVE
C000534,Eesha,Ahluwalia,Male,1980-02-04,Nashik,Maharashtra,2025-05-03,P003,ACTIVE
C000535,Jagdish,Balay,Female,1982-02-25,Nashik,Maharashtra,2024-11-28,P001,ACTIVE
C000536,Bakhshi,Khurana,Male,2003-10-15,Indore,Madhya Pradesh,2026-03-23,P004,INACTIVE
C000537,Ishaan,Barad,Female,1968-10-07,Pune,Madhya Pradesh,2025-04-14,P003,ACTIVE
C000538,Vamakshi,Kibe,Male,1999-06-29,Nashik,Madhya Pradesh,2024-12-03,P004,INACTIVE
C000539,Fiyaz,Sachar,Male,2001-01-22,Pune,Maharashtra,2025-01-26,P002,ACTIVE
C000540,Ekaraj,Shankar,Male,1997-11-15,Bhopal,Maharashtra,2023-12-14,P004,INACTIVE
C000541,Yochana,Mannan,Male,1957-05-08,Indore,Maharashtra,2024-08-29,P004,ACTIVE
C000542,Sachi,Andra,Female,1958-05-26,Pune,Madhya Pradesh,2024-12-04,P004,ACTIVE
C000543,Yahvi,Kar,Female,2003-06-28,Pune,Maharashtra,2026-01-11,P004,ACTIVE
C000544,Gaurika,Cherian,Female,1976-11-30,Nashik,Maharashtra,2024-08-05,P001,ACTIVE
C000545,Jalsa,Nayar,Male,1956-05-14,Indore,Maharashtra,2024-03-09,P002,ACTIVE
C000546,Gaurang,Guha,Male,1961-04-14,Pune,Madhya Pradesh,2026-07-14,P003,INACTIVE
C000547,Aarnav,Goel,Female,1978-07-16,Nagpur,Maharashtra,2024-08-05,P003,INACTIVE
C000548,Rushil,Sarin,Male,1978-10-04,Indore,Maharashtra,2026-06-21,P004,ACTIVE
C000549,Pallavi,Mann,Male,2005-11-09,Mumbai,Maharashtra,2024-11-19,P002,ACTIVE
C000550,Raghav,Tandon,Male,1997-12-12,Mumbai,Maharashtra,2025-06-01,P002,INACTIVE
C000551,Nakul,Narayan,Female,1960-05-17,Mumbai,Maharashtra,2023-10-28,P003,ACTIVE
C000552,Bhavna,Bala,Female,1995-11-18,Indore,Maharashtra,2025-01-31,P001,ACTIVE
C000553,Benjamin,Nanda,Female,1970-12-17,Indore,Madhya Pradesh,2026-08-19,P004,ACTIVE
C000554,Madhavi,Loke,Male,2004-07-16,Mumbai,Madhya Pradesh,2025-08-21,P003,ACTIVE
C000555,Falak,Varghese,Male,1959-01-13,Nashik,Maharashtra,2024-12-28,P004,ACTIVE
C000556,Aadhya,Mani,Female,1960-09-13,Nashik,Madhya Pradesh,2024-02-02,P004,ACTIVE
C000557,Anmol,Dalal,Female,1977-06-08,Mumbai,Maharashtra,2024-03-22,P002,ACTIVE
C000558,Bina,Malhotra,Male,1981-09-21,Bhopal,Maharashtra,2024-07-04,P001,INACTIVE
C000559,Teerth,Batra,Male,1973-10-06,Bhopal,Madhya Pradesh,2025-01-14,P001,ACTIVE
C000560,Nikita,Padmanabhan,Female,1975-03-07,Bhopal,Maharashtra,2024-11-13,P001,ACTIVE
C000561,Raagini,Pradhan,Female,1997-10-09,Nashik,Madhya Pradesh,2025-09-18,P002,ACTIVE
C000562,Jonathan,Kohli,Female,1987-09-26,Pune,Maharashtra,2025-02-21,P004,INACTIVE
C000563,Gavin,Mitter,Female,1983-03-05,Thane,Madhya Pradesh,2024-11-24,P002,INACTIVE
C000564,Yashica,Hora,Male,1967-09-26,Thane,Madhya Pradesh,2026-05-16,P004,INACTIVE
C000565,Hitesh,Goyal,Male,1963-10-31,Bhopal,Madhya Pradesh,2024-10-14,P002,ACTIVE
C000566,Kiaan,Srinivas,Male,1998-05-25,Mumbai,Madhya Pradesh,2026-08-28,P004,ACTIVE
C000567,Advika,Iyer,Female,1979-11-04,Nashik,Maharashtra,2025-04-05,P002,ACTIVE
C000568,Nidhi,Peri,Male,2000-07-22,Pune,Maharashtra,2024-07-24,P002,INACTIVE
C000569,Irya,Gupta,Male,1964-03-19,Bhopal,Madhya Pradesh,2023-11-02,P001,ACTIVE
C000570,Theodore,Thakkar,Male,1997-04-04,Indore,Maharashtra,2024-01-20,P001,ACTIVE
C000571,Urvashi,Kannan,Male,1994-07-13,Mumbai,Maharashtra,2023-12-16,P001,INACTIVE
C000572,Ojasvi,Oak,Male,2005-06-20,Nashik,Madhya Pradesh,2026-07-25,P002,ACTIVE
C000573,Girish,Prakash,Female,1967-04-19,Bhopal,Maharashtra,2024-12-11,P001,INACTIVE
C000574,Baljiwan,Bora,Female,1980-01-04,Nagpur,Maharashtra,2024-10-16,P001,ACTIVE
C000575,Udarsh,Goda,Female,1979-04-12,Bhopal,Maharashtra,2024-03-07,P002,INACTIVE
C000576,Sanya,Chanda,Male,2002-03-12,Mumbai,Maharashtra,2023-11-24,P004,ACTIVE
C000577,William,Manne,Female,1962-05-24,Nagpur,Madhya Pradesh,2025-09-05,P001,INACTIVE
C000578,Aarini,Bassi,Male,1993-09-21,Mumbai,Maharashtra,2025-08-31,P001,ACTIVE
C000579,Jalsa,Chaudhary,Female,2003-02-05,Thane,Madhya Pradesh,2025-08-16,P002,ACTIVE
C000580,Radhika,Hayer,Male,1973-02-03,Bhopal,Madhya Pradesh,2025-09-18,P002,ACTIVE
C000581,Chanakya,Bedi,Male,1987-10-09,Indore,Maharashtra,2023-09-27,P004,ACTIVE
C000582,Yagnesh,Merchant,Female,1987-12-16,Thane,Maharashtra,2025-11-14,P001,ACTIVE
C000583,Jai,Kata,Female,1998-03-01,Pune,Maharashtra,2026-04-18,P002,ACTIVE
C000584,Ranbir,Ghose,Female,1970-04-07,Indore,Maharashtra,2025-08-20,P001,ACTIVE
C000585,Abhimanyu,Swaminathan,Female,1958-12-08,Indore,Madhya Pradesh,2026-01-12,P002,ACTIVE
C000586,Ishani,Dixit,Female,2000-08-18,Pune,Maharashtra,2025-03-18,P003,ACTIVE
C000587,Caleb,Khanna,Male,1959-03-15,Indore,Madhya Pradesh,2024-06-22,P004,ACTIVE
C000588,Mitesh,Lalla,Male,1992-06-27,Nashik,Madhya Pradesh,2024-10-04,P004,ACTIVE
C000589,Gopal,Dada,Male,1958-01-17,Nagpur,Madhya Pradesh,2025-09-18,P001,ACTIVE
C000590,Tanish,Guha,Male,1977-04-22,Bhopal,Maharashtra,2025-03-05,P001,ACTIVE
C000591,Vanya,Mann,Male,1968-04-05,Pune,Madhya Pradesh,2023-12-18,P002,ACTIVE
C000592,Januja,Master,Female,1988-11-25,Thane,Madhya Pradesh,2025-05-16,P004,ACTIVE
C000593,Owen,Banik,Female,1957-01-25,Thane,Maharashtra,2026-04-07,P001,INACTIVE
C000594,Waida,Kamdar,Female,2005-11-30,Bhopal,Madhya Pradesh,2026-03-19,P004,INACTIVE
C000595,Ikshita,Batra,Female,1989-11-05,Nashik,Maharashtra,2026-03-03,P002,ACTIVE
C000596,Mohammed,Basak,Male,1962-08-08,Indore,Madhya Pradesh,2025-08-12,P004,INACTIVE
C000597,Sachi,Rai,Male,1987-03-05,Mumbai,Maharashtra,2024-12-23,P004,INACTIVE
C000598,Bakhshi,Pandya,Male,1984-08-26,Nashik,Maharashtra,2025-12-21,P003,ACTIVE
C000599,Gautami,Yohannan,Male,1991-04-25,Nagpur,Madhya Pradesh,2025-07-05,P004,ACTIVE
C000600,Aarna,Ratta,Male,1958-02-10,Bhopal,Maharashtra,2025-01-30,P002,INACTIVE
C000601,Shivani,Chana,Male,1972-05-01,Thane,Maharashtra,2026-03-17,P002,INACTIVE
C000602,Keya,Dayal,Male,1969-07-17,Bhopal,Madhya Pradesh,2026-09-20,P002,INACTIVE
C000603,Eshana,Vig,Male,1998-02-13,Indore,Maharashtra,2025-10-02,P003,ACTIVE
C000604,Rishi,Kothari,Female,1961-05-27,Mumbai,Madhya Pradesh,2026-07-15,P002,ACTIVE
C000605,Jai,Patla,Female,1976-11-15,Pune,Maharashtra,2025-06-23,P004,INACTIVE
C000606,Bakhshi,Dara,Male,1976-02-27,Pune,Maharashtra,2023-11-12,P003,ACTIVE
C000607,Arya,Rama,Female,1980-04-17,Indore,Madhya Pradesh,2024-02-27,P002,ACTIVE
C000608,Qadim,Saran,Female,1968-05-30,Pune,Madhya Pradesh,2025-10-01,P004,ACTIVE
C000609,Wahab,Char,Male,1959-11-27,Pune,Madhya Pradesh,2026-07-30,P001,ACTIVE
C000610,Charita,Mahajan,Male,1993-06-19,Bhopal,Maharashtra,2025-09-20,P003,ACTIVE
C000611,Vrinda,Wali,Male,1964-03-15,Nashik,Madhya Pradesh,2025-07-15,P001,ACTIVE
C000612,Reva,Bhasin,Male,1963-09-02,Mumbai,Madhya Pradesh,2024-02-27,P001,ACTIVE
C000613,Ladli,Dyal,Male,1997-03-29,Pune,Maharashtra,2026-01-13,P003,INACTIVE
C000614,Sudiksha,Dada,Male,1965-05-23,Nashik,Madhya Pradesh,2026-02-21,P001,ACTIVE
C000615,Ronith,Kata,Male,2006-05-07,Nashik,Maharashtra,2026-01-14,P001,ACTIVE
C000616,Nicholas,Batra,Male,1975-05-22,Thane,Madhya Pradesh,2025-06-13,P002,INACTIVE
C000617,Tanveer,Bedi,Male,1976-11-07,Nashik,Madhya Pradesh,2024-11-25,P004,ACTIVE
C000618,Anmol,Sampath,Female,2006-01-12,Pune,Madhya Pradesh,2026-01-16,P002,ACTIVE
C000619,Dipta,Cherian,Male,1988-05-11,Indore,Maharashtra,2025-09-08,P004,ACTIVE
C000620,Qadim,Mohanty,Female,1975-07-29,Mumbai,Madhya Pradesh,2025-02-25,P002,ACTIVE
C000621,Gauri,Prabhu,Male,1965-05-04,Nagpur,Madhya Pradesh,2026-08-21,P002,INACTIVE
C000622,Udant,Gopal,Male,1955-10-11,Bhopal,Madhya Pradesh,2025-08-24,P004,ACTIVE
C000623,Ekapad,Date,Female,1979-05-02,Nagpur,Madhya Pradesh,2025-12-23,P003,ACTIVE
C000624,Rushil,Srinivas,Male,1994-05-21,Indore,Madhya Pradesh,2024-10-29,P004,INACTIVE
C000625,Shivani,Dugal,Male,1963-01-25,Bhopal,Maharashtra,2025-11-24,P001,ACTIVE
C000626,Chaman,Virk,Male,1963-05-22,Pune,Maharashtra,2026-09-21,P002,ACTIVE
C000627,Samaksh,Varughese,Female,1993-07-16,Nagpur,Madhya Pradesh,2025-06-28,P003,ACTIVE
C000628,Ranbir,Singhal,Female,1970-09-07,Indore,Madhya Pradesh,2025-06-20,P001,ACTIVE
C000629,Yash,Raja,Male,2003-11-16,Bhopal,Maharashtra,2026-01-29,P001,ACTIVE
C000630,Yasti,Uppal,Female,1990-10-29,Nagpur,Madhya Pradesh,2023-09-30,P001,INACTIVE
C000631,Advik,Tripathi,Female,1970-09-25,Nagpur,Maharashtra,2025-11-10,P004,ACTIVE
C000632,Yashodhara,Joshi,Female,1958-05-21,Indore,Maharashtra,2025-06-04,P003,INACTIVE
C000633,Charvi,Chakrabarti,Male,1957-11-23,Nagpur,Maharashtra,2024-11-13,P004,ACTIVE
C000634,Odika,Sule,Male,1975-09-12,Nagpur,Maharashtra,2025-11-30,P002,ACTIVE
C000635,Vrishti,Raju,Male,1999-11-29,Thane,Madhya Pradesh,2024-01-10,P001,INACTIVE
C000636,Oviya,Shetty,Female,1977-07-18,Mumbai,Madhya Pradesh,2024-02-15,P003,ACTIVE
C000637,Indira,Magar,Female,1972-03-25,Mumbai,Madhya Pradesh,2025-03-04,P003,ACTIVE
C000638,Gabriel,Thaker,Female,1969-10-30,Nashik,Maharashtra,2025-02-27,P001,ACTIVE
C000639,Yahvi,Dyal,Male,1997-11-20,Bhopal,Madhya Pradesh,2024-04-25,P001,ACTIVE
C000640,Saanvi,Rege,Male,2004-01-15,Bhopal,Madhya Pradesh,2024-05-13,P002,ACTIVE
C000641,Jatin,Warrior,Male,1984-10-25,Thane,Madhya Pradesh,2026-03-11,P004,ACTIVE
C000642,Oscar,Shukla,Male,1995-12-23,Thane,Maharashtra,2025-10-21,P002,INACTIVE
C000643,Zaitra,Atwal,Female,2003-02-09,Nagpur,Madhya Pradesh,2025-08-18,P004,INACTIVE
C000644,Urmi,Sarraf,Female,1982-02-02,Pune,Maharashtra,2024-02-29,P003,INACTIVE
C000645,Zilmil,Chopra,Female,1956-08-15,Bhopal,Madhya Pradesh,2024-04-13,P004,ACTIVE
C000646,Nihal,Kothari,Male,1980-01-22,Bhopal,Maharashtra,2025-11-04,P001,ACTIVE
C000647,Jasmit,Mani,Female,1995-11-03,Bhopal,Maharashtra,2026-02-25,P001,ACTIVE
C000648,Geetika,Chatterjee,Male,1973-06-29,Nashik,Madhya Pradesh,2025-12-07,P001,ACTIVE
C000649,Urmi,Sangha,Female,1963-11-06,Nagpur,Maharashtra,2025-08-02,P004,ACTIVE
C000650,Gautam,Dewan,Female,1995-11-14,Pune,Madhya Pradesh,2024-10-22,P004,ACTIVE
C000651,Sneha,Swamy,Male,1979-12-29,Mumbai,Madhya Pradesh,2025-12-07,P004,INACTIVE
C000652,Victor,Sagar,Male,1988-10-26,Mumbai,Maharashtra,2024-07-09,P002,ACTIVE
C000653,Hemal,Choudhary,Male,2005-05-03,Mumbai,Madhya Pradesh,2025-09-28,P002,ACTIVE
C000654,Garima,Kant,Male,1983-09-11,Mumbai,Madhya Pradesh,2024-09-26,P004,ACTIVE
C000655,Samarth,Kunda,Male,1965-03-07,Pune,Madhya Pradesh,2026-06-19,P004,ACTIVE
C000656,Yuvraj,Sinha,Male,2005-10-29,Mumbai,Madhya Pradesh,2024-12-14,P002,ACTIVE
C000657,Jai,Saraf,Male,1992-10-20,Nagpur,Maharashtra,2023-12-06,P002,ACTIVE
C000658,Ganga,Nath,Male,1996-09-30,Thane,Maharashtra,2025-08-04,P001,INACTIVE
C000659,Aadhya,Babu,Male,1977-03-28,Thane,Maharashtra,2025-01-30,P001,ACTIVE
C000660,Dominic,Peri,Female,1970-05-01,Bhopal,Maharashtra,2023-12-07,P002,ACTIVE
C000661,Wakeeta,Parekh,Female,1989-07-20,Indore,Maharashtra,2026-06-01,P003,INACTIVE
C000662,Omya,Keer,Male,1971-01-24,Mumbai,Madhya Pradesh,2024-04-03,P002,INACTIVE
C000663,Aachal,Jha,Female,2004-04-02,Pune,Maharashtra,2025-05-09,P001,INACTIVE
C000664,Balhaar,Hora,Male,2006-02-19,Pune,Maharashtra,2024-05-05,P001,INACTIVE
C000665,Siddharth,Parekh,Male,2005-04-04,Nagpur,Maharashtra,2025-08-08,P003,INACTIVE
C000666,Nihal,Singh,Female,1987-01-12,Nashik,Maharashtra,2025-09-15,P001,ACTIVE
C000667,Xalak,Varma,Male,1979-01-14,Mumbai,Madhya Pradesh,2024-02-07,P001,INACTIVE
C000668,Dayamai,Sekhon,Male,1955-12-07,Pune,Maharashtra,2024-10-06,P004,INACTIVE
C000669,Girish,Mohan,Male,1988-11-11,Nagpur,Maharashtra,2024-02-03,P003,INACTIVE
C000670,Balendra,Thaman,Male,1995-04-02,Pune,Maharashtra,2024-03-26,P003,ACTIVE
C000671,Urmi,Dey,Male,2007-12-12,Nagpur,Madhya Pradesh,2024-09-18,P001,ACTIVE
C000672,Upadhriti,Bhatia,Male,1974-07-15,Thane,Madhya Pradesh,2024-04-08,P003,ACTIVE
C000673,Azaan,Edwin,Male,1976-04-04,Indore,Maharashtra,2024-02-26,P004,ACTIVE
C000674,Keya,Jhaveri,Female,1995-10-31,Bhopal,Madhya Pradesh,2024-05-26,P004,ACTIVE
C000675,Liam,Contractor,Male,1980-11-29,Bhopal,Madhya Pradesh,2025-05-29,P003,INACTIVE
C000676,Nitara,Bala,Male,2000-10-06,Pune,Maharashtra,2024-08-28,P002,ACTIVE
C000677,Hredhaan,Balakrishnan,Female,1981-06-22,Nagpur,Madhya Pradesh,2024-12-25,P004,INACTIVE
C000678,Yashawini,Mangat,Male,1971-01-09,Bhopal,Madhya Pradesh,2025-06-25,P001,ACTIVE
C000679,Vihaan,Gour,Male,2003-03-08,Mumbai,Maharashtra,2025-09-08,P003,ACTIVE
C000680,Daksh,Srinivas,Male,1975-06-25,Nashik,Maharashtra,2025-01-04,P003,INACTIVE
C000681,Peter,Amble,Male,1961-04-09,Pune,Maharashtra,2024-09-16,P003,ACTIVE
C000682,Oviya,Borra,Female,1972-08-19,Nagpur,Madhya Pradesh,2024-04-09,P004,ACTIVE
C000683,David,Goswami,Male,1967-03-03,Nagpur,Maharashtra,2025-08-28,P002,ACTIVE
C000684,Krishna,Bumb,Male,1968-03-10,Pune,Maharashtra,2024-02-06,P002,ACTIVE
C000685,Christopher,Kanda,Male,1977-03-21,Indore,Madhya Pradesh,2026-09-14,P004,ACTIVE
C000686,Chavvi,Suri,Female,1985-09-04,Nagpur,Madhya Pradesh,2026-08-13,P002,ACTIVE
C000687,Oviya,Walla,Male,1968-04-17,Nagpur,Maharashtra,2024-04-17,P002,ACTIVE
C000688,Advay,Behl,Female,1970-01-06,Nashik,Madhya Pradesh,2025-03-04,P001,ACTIVE
C000689,Meghana,Dash,Male,1976-10-10,Mumbai,Maharashtra,2024-05-15,P002,ACTIVE
C000690,Azaan,Varty,Female,1981-07-20,Nagpur,Madhya Pradesh,2024-12-12,P002,ACTIVE
C000691,Advika,Sheth,Female,1996-04-23,Mumbai,Madhya Pradesh,2026-06-11,P001,INACTIVE
C000692,Siddharth,Dey,Female,1961-03-11,Bhopal,Madhya Pradesh,2025-03-03,P001,ACTIVE
C000693,Unnati,Bhatnagar,Male,1983-09-26,Nagpur,Maharashtra,2025-11-10,P001,ACTIVE
C000694,Rajeshri,Bajaj,Male,2001-01-25,Pune,Maharashtra,2024-01-24,P003,ACTIVE
C000695,Ijaya,Chhabra,Female,1963-02-25,Pune,Maharashtra,2024-05-07,P004,INACTIVE
C000696,Daniel,Nagarajan,Male,1976-11-30,Bhopal,Madhya Pradesh,2024-01-09,P002,ACTIVE
C000697,Amara,Iyengar,Male,1969-05-05,Thane,Maharashtra,2024-08-15,P004,ACTIVE
C000698,Sachi,Srivastava,Female,1982-11-21,Mumbai,Maharashtra,2024-08-03,P002,ACTIVE
C000699,Fariq,Mall,Female,1979-11-07,Thane,Maharashtra,2024-08-16,P001,ACTIVE
C000700,Triveni,Kadakia,Male,1992-10-03,Mumbai,Madhya Pradesh,2024-01-18,P003,ACTIVE
C000701,Avni,Kumer,Male,1964-03-24,Thane,Madhya Pradesh,2025-06-01,P001,ACTIVE
C000702,Chaaya,Kaur,Female,1999-10-04,Pune,Madhya Pradesh,2024-01-31,P001,ACTIVE
C000703,Kashvi,Salvi,Female,1967-08-12,Thane,Madhya Pradesh,2024-05-03,P002,ACTIVE
C000704,Chasmum,Hayre,Female,1961-01-05,Indore,Maharashtra,2024-11-15,P001,ACTIVE
C000705,Qabil,Varkey,Female,1978-08-04,Indore,Madhya Pradesh,2024-06-11,P002,ACTIVE
C000706,Aryan,Wadhwa,Female,1960-10-14,Pune,Madhya Pradesh,2024-04-01,P003,INACTIVE
C000707,Bakhshi,Mane,Male,1998-07-10,Mumbai,Maharashtra,2026-06-14,P003,ACTIVE
C000708,Zehaan,Nadig,Male,1967-05-17,Mumbai,Madhya Pradesh,2025-11-19,P004,INACTIVE
C000709,Widisha,Gupta,Female,1990-11-02,Mumbai,Maharashtra,2025-12-17,P001,ACTIVE
C000710,Wakeeta,Swaminathan,Male,1974-04-28,Pune,Madhya Pradesh,2026-03-22,P001,ACTIVE
C000711,Shaurya,Gera,Male,1972-07-04,Bhopal,Madhya Pradesh,2024-05-31,P002,INACTIVE
C000712,Idika,Mangal,Female,1979-11-13,Pune,Madhya Pradesh,2024-08-30,P003,ACTIVE
C000713,Ishwar,Gokhale,Female,1994-06-30,Bhopal,Madhya Pradesh,2025-04-01,P002,ACTIVE
C000714,Jyoti,Kaul,Female,1972-10-16,Indore,Maharashtra,2026-06-27,P003,ACTIVE
C000715,Caleb,Pillay,Male,2001-03-10,Indore,Maharashtra,2024-11-21,P004,ACTIVE
C000716,Yamini,Deep,Male,1978-12-10,Indore,Madhya Pradesh,2023-10-30,P002,INACTIVE
C000717,Charvi,Kalla,Male,1968-10-27,Mumbai,Madhya Pradesh,2023-10-29,P003,ACTIVE
C000718,Dalaja,Krishnamurthy,Male,1991-04-24,Pune,Madhya Pradesh,2026-08-26,P001,ACTIVE
C000719,Dominic,Gandhi,Female,1969-05-06,Pune,Maharashtra,2024-06-23,P004,ACTIVE
C000720,Harsh,Jha,Female,2000-03-26,Mumbai,Madhya Pradesh,2024-11-30,P004,ACTIVE
C000721,Eta,Memon,Female,1977-10-03,Mumbai,Madhya Pradesh,2025-02-03,P004,ACTIVE
C000722,Gaurangi,Anand,Male,1959-06-24,Bhopal,Madhya Pradesh,2023-12-17,P003,INACTIVE
C000723,Gautami,Butala,Male,1961-10-12,Nagpur,Madhya Pradesh,2025-07-05,P003,ACTIVE
C000724,Praneel,Dube,Male,1979-11-29,Indore,Madhya Pradesh,2026-09-03,P001,ACTIVE
C000725,Radhika,Kapoor,Female,1983-01-09,Pune,Madhya Pradesh,2026-03-04,P003,INACTIVE
C000726,Abhiram,Sethi,Female,1972-09-14,Nashik,Maharashtra,2026-08-18,P002,ACTIVE
C000727,Yagnesh,Kunda,Female,1994-11-06,Mumbai,Maharashtra,2024-08-04,P003,ACTIVE
C000728,Umang,Choudhry,Male,1967-07-03,Nashik,Madhya Pradesh,2025-11-26,P002,ACTIVE
C000729,Warda,Kari,Male,1964-01-06,Nashik,Maharashtra,2024-01-12,P001,ACTIVE
C000730,Radha,Kota,Female,1957-06-17,Thane,Madhya Pradesh,2026-02-26,P001,ACTIVE
C000731,Jeremiah,Khurana,Female,1982-05-30,Mumbai,Maharashtra,2025-08-13,P004,ACTIVE
C000732,Osha,Ahuja,Female,1969-09-10,Mumbai,Maharashtra,2024-11-08,P002,INACTIVE
C000733,Shravya,Ramaswamy,Female,1978-09-26,Thane,Maharashtra,2026-04-01,P001,ACTIVE
C000734,Finn,Radhakrishnan,Male,1980-06-19,Bhopal,Madhya Pradesh,2024-05-18,P001,ACTIVE
C000735,Geetika,Purohit,Male,1981-03-06,Thane,Madhya Pradesh,2025-03-22,P003,ACTIVE
C000736,Zaitra,Gara,Male,1962-01-27,Bhopal,Maharashtra,2023-11-21,P003,ACTIVE
C000737,Raksha,Shere,Male,1996-07-31,Nagpur,Madhya Pradesh,2026-05-13,P002,INACTIVE
C000738,Tripti,Kumer,Female,1998-12-18,Bhopal,Madhya Pradesh,2026-07-04,P002,ACTIVE
C000739,Indrajit,Barman,Female,1967-01-11,Nagpur,Maharashtra,2025-08-26,P003,ACTIVE
C000740,Hardik,Ranganathan,Female,1979-03-15,Thane,Madhya Pradesh,2026-07-07,P001,ACTIVE
C000741,Chanchal,Agate,Female,2004-01-20,Nashik,Madhya Pradesh,2023-10-09,P004,ACTIVE
C000742,Darika,Palan,Female,1966-08-26,Nagpur,Madhya Pradesh,2023-12-13,P004,ACTIVE
C000743,Samarth,Borra,Male,1968-02-14,Indore,Madhya Pradesh,2025-05-30,P004,ACTIVE
C000744,Panini,Madan,Male,1979-05-25,Pune,Madhya Pradesh,2024-02-09,P001,ACTIVE
C000745,Ekantika,Warrior,Male,2006-07-18,Thane,Maharashtra,2026-02-26,P004,ACTIVE
C000746,Yatin,Shukla,Male,1965-11-14,Nagpur,Madhya Pradesh,2025-08-04,P001,ACTIVE
C000747,Mitali,Dua,Male,1972-12-23,Bhopal,Maharashtra,2026-01-11,P002,ACTIVE
C000748,Hiral,Peri,Male,1988-04-09,Mumbai,Madhya Pradesh,2025-10-19,P002,INACTIVE
C000749,Anthony,Chad,Female,1972-07-28,Indore,Maharashtra,2024-12-08,P003,ACTIVE
C000750,Warhi,Banerjee,Male,1979-06-16,Nashik,Maharashtra,2025-04-09,P003,INACTIVE
C000751,Harshil,Bhavsar,Male,2002-10-08,Nashik,Maharashtra,2024-10-12,P003,INACTIVE
C000752,Fitan,Atwal,Male,1962-08-03,Nashik,Madhya Pradesh,2026-07-05,P003,INACTIVE
C000753,Owen,Butala,Male,1984-05-20,Indore,Madhya Pradesh,2025-12-29,P001,ACTIVE
C000754,Vidhi,Manda,Male,1990-05-28,Mumbai,Madhya Pradesh,2024-04-09,P004,ACTIVE
C000755,Dhruv,Kaur,Female,1964-07-27,Indore,Maharashtra,2023-11-15,P001,ACTIVE
C000756,Christopher,Deshpande,Male,1999-05-26,Bhopal,Madhya Pradesh,2024-11-03,P001,ACTIVE
C000757,Tanveer,Wali,Female,2005-11-19,Nagpur,Madhya Pradesh,2025-07-13,P003,ACTIVE
C000758,Triya,Narang,Male,1958-09-27,Nagpur,Maharashtra,2023-12-22,P001,INACTIVE
C000759,Odika,Mann,Female,2006-01-18,Nagpur,Madhya Pradesh,2025-02-04,P004,ACTIVE
C000760,Waida,Gour,Female,2001-10-13,Nashik,Madhya Pradesh,2025-01-05,P002,ACTIVE
C000761,George,Mannan,Male,1970-08-15,Thane,Madhya Pradesh,2024-09-27,P001,ACTIVE
C000762,Tejas,Soman,Female,1994-10-14,Pune,Maharashtra,2026-03-27,P002,ACTIVE
C000763,Nidra,Rau,Male,1976-02-03,Mumbai,Madhya Pradesh,2023-10-01,P001,ACTIVE
C000764,Orinder,Swaminathan,Female,1993-12-14,Thane,Madhya Pradesh,2025-12-06,P003,ACTIVE
C000765,Brijesh,Keer,Male,1996-04-09,Pune,Maharashtra,2025-12-22,P001,ACTIVE
C000766,Akshay,Sodhi,Female,1976-01-02,Mumbai,Madhya Pradesh,2024-04-03,P001,INACTIVE
C000767,Warhi,Natarajan,Female,1975-09-19,Thane,Madhya Pradesh,2024-11-23,P002,ACTIVE
C000768,Thomas,Sanghvi,Male,1992-04-02,Bhopal,Maharashtra,2025-06-23,P003,ACTIVE
C000769,Charles,Bhavsar,Male,1995-05-20,Indore,Madhya Pradesh,2025-04-09,P004,ACTIVE
C000770,Daksh,Anne,Male,1998-03-25,Indore,Maharashtra,2025-03-05,P003,ACTIVE
C000771,Zilmil,Subramanian,Female,1955-11-19,Indore,Maharashtra,2023-12-21,P002,ACTIVE
C000772,Manbir,Hayre,Male,2000-03-16,Indore,Maharashtra,2024-08-05,P003,ACTIVE
C000773,Yuvraj,Mukherjee,Female,2000-08-25,Bhopal,Madhya Pradesh,2025-06-01,P004,ACTIVE
C000774,Waida,Yogi,Male,1969-10-22,Nagpur,Maharashtra,2025-02-05,P002,INACTIVE
C000775,Pallavi,Garg,Male,1992-12-09,Mumbai,Madhya Pradesh,2026-01-14,P001,ACTIVE
C000776,Zehaan,Wali,Male,1988-02-20,Bhopal,Maharashtra,2025-05-11,P003,ACTIVE
C000777,Ojasvi,Chowdhury,Male,2007-04-03,Nashik,Madhya Pradesh,2024-04-01,P004,ACTIVE
C000778,Ekta,Naik,Female,1990-12-11,Mumbai,Madhya Pradesh,2024-06-10,P002,ACTIVE
C000779,Samarth,Kaul,Female,1964-07-19,Thane,Maharashtra,2025-03-03,P003,ACTIVE
C000780,Dayamai,Ramanathan,Male,2001-02-22,Bhopal,Madhya Pradesh,2024-11-26,P004,ACTIVE
C000781,Qushi,Menon,Female,1992-12-20,Nagpur,Maharashtra,2024-03-15,P002,ACTIVE
C000782,Xavier,Borde,Male,1992-05-20,Indore,Maharashtra,2026-02-02,P004,ACTIVE
C000783,Omisha,Bahl,Male,2000-08-06,Nagpur,Maharashtra,2026-05-12,P002,ACTIVE
C000784,Bakhshi,Chopra,Male,2000-07-02,Bhopal,Maharashtra,2026-07-19,P001,ACTIVE
C000785,Yutika,Prabhu,Male,2001-07-27,Thane,Madhya Pradesh,2024-03-13,P004,ACTIVE
C000786,Shivansh,Magar,Female,1993-11-06,Indore,Madhya Pradesh,2024-11-13,P004,ACTIVE
C000787,Arya,Basak,Female,1968-06-12,Nashik,Madhya Pradesh,2025-09-08,P002,ACTIVE
C000788,Ethan,Ganguly,Female,2005-02-05,Thane,Maharashtra,2025-02-14,P002,ACTIVE
C000789,Vasudha,Doctor,Female,1959-08-31,Pune,Madhya Pradesh,2025-11-24,P003,ACTIVE
C000790,Kiaan,Khosla,Male,2006-07-15,Bhopal,Madhya Pradesh,2025-08-10,P001,ACTIVE
C000791,Samar,Palan,Female,1971-01-02,Bhopal,Madhya Pradesh,2024-01-14,P002,ACTIVE
C000792,Devika,Choudhry,Male,2003-02-20,Pune,Madhya Pradesh,2025-12-05,P004,INACTIVE
C000793,Benjamin,Chauhan,Male,1956-05-12,Mumbai,Madhya Pradesh,2025-05-02,P003,ACTIVE
C000794,Vivaan,Prabhakar,Female,1977-06-19,Mumbai,Maharashtra,2026-07-19,P003,ACTIVE
C000795,Indrajit,Varma,Male,2004-10-21,Indore,Madhya Pradesh,2025-12-26,P004,ACTIVE
C000796,Lopa,Sachdev,Male,1973-03-03,Pune,Maharashtra,2025-12-12,P002,ACTIVE
C000797,Indali,Sekhon,Female,1984-11-01,Bhopal,Maharashtra,2023-09-30,P001,ACTIVE
C000798,Indrajit,Varma,Male,1983-09-01,Nagpur,Madhya Pradesh,2025-11-30,P004,ACTIVE
C000799,Bishakha,Warrior,Female,1957-05-02,Nashik,Maharashtra,2024-12-24,P002,ACTIVE
C000800,Gaurika,Sen,Male,2008-06-15,Mumbai,Maharashtra,2025-06-29,P002,INACTIVE
C000801,Chandresh,Shah,Female,1984-08-27,Nagpur,Madhya Pradesh,2024-09-21,P002,INACTIVE
C000802,Abhiram,Chopra,Female,1985-03-08,Pune,Madhya Pradesh,2026-01-18,P002,ACTIVE
C000803,David,Bhasin,Male,1959-12-26,Nashik,Madhya Pradesh,2025-12-18,P004,ACTIVE
C000804,Yashodhara,Pandya,Male,1956-01-14,Nashik,Maharashtra,2023-12-16,P003,ACTIVE
C000805,Nachiket,Saran,Male,1995-04-30,Nagpur,Madhya Pradesh,2024-12-24,P001,ACTIVE
C000806,Ekalinga,Dey,Female,1964-01-27,Indore,Maharashtra,2025-02-19,P003,ACTIVE
C000807,Girish,Mahal,Male,2003-09-25,Pune,Madhya Pradesh,2026-06-16,P002,ACTIVE
C000808,Dayamai,Bhalla,Female,2006-03-18,Indore,Madhya Pradesh,2024-07-27,P002,ACTIVE
C000809,Janya,Bali,Female,1991-11-20,Thane,Madhya Pradesh,2026-02-09,P004,ACTIVE
C000810,Akshay,Grover,Female,1969-04-07,Mumbai,Madhya Pradesh,2024-12-14,P003,ACTIVE
C000811,Parth,Sahni,Female,1997-11-19,Thane,Maharashtra,2023-11-21,P001,ACTIVE
C000812,Bhavini,Mitter,Female,2001-09-10,Indore,Madhya Pradesh,2023-11-24,P001,ACTIVE
C000813,Nimrat,Krishnan,Male,1966-08-04,Pune,Madhya Pradesh,2026-03-07,P004,ACTIVE
C000814,Vanya,Prabhu,Female,1975-12-31,Thane,Madhya Pradesh,2026-03-10,P004,INACTIVE
C000815,Jeevika,Raju,Male,1999-10-13,Thane,Madhya Pradesh,2024-12-23,P002,INACTIVE
C000816,Dalaja,Bains,Male,1964-06-26,Thane,Maharashtra,2024-06-16,P002,ACTIVE
C000817,Jeremiah,Ahluwalia,Female,1963-06-10,Thane,Madhya Pradesh,2023-12-30,P001,INACTIVE
C000818,Shravya,Mahal,Female,1968-09-24,Nashik,Madhya Pradesh,2025-06-30,P002,ACTIVE
C000819,Ekanta,Dewan,Female,1961-03-07,Mumbai,Maharashtra,2025-01-16,P003,ACTIVE
C000820,Daksha,Shroff,Female,1969-02-26,Pune,Madhya Pradesh,2024-07-25,P003,INACTIVE
C000821,Ganga,Dutta,Male,1973-12-01,Nashik,Maharashtra,2026-07-17,P002,ACTIVE
C000822,Nandini,Dayal,Female,1995-04-12,Thane,Madhya Pradesh,2026-03-02,P004,ACTIVE
C000823,Harita,Tandon,Male,1968-11-16,Mumbai,Madhya Pradesh,2024-07-09,P004,ACTIVE
C000824,Chandran,Bail,Male,1959-02-11,Nagpur,Madhya Pradesh,2024-02-20,P001,ACTIVE
C000825,Dayita,Raghavan,Female,2001-09-20,Mumbai,Maharashtra,2025-10-20,P003,ACTIVE
C000826,Rachit,Gokhale,Male,1961-04-04,Nashik,Madhya Pradesh,2024-09-06,P001,ACTIVE
C000827,Yashvi,Dhillon,Female,1993-10-17,Bhopal,Madhya Pradesh,2024-08-03,P004,ACTIVE
C000828,Kamya,Baral,Female,1992-07-08,Thane,Madhya Pradesh,2024-01-09,P004,ACTIVE
C000829,Nitara,Sawhney,Female,1975-07-17,Bhopal,Maharashtra,2023-12-19,P002,INACTIVE
C000830,Chaitaly,Savant,Female,1963-09-04,Nashik,Maharashtra,2025-04-18,P003,ACTIVE
C000831,Nirja,Mohanty,Male,1999-03-30,Bhopal,Maharashtra,2025-01-25,P003,INACTIVE
C000832,Udant,Tiwari,Female,1974-02-10,Nashik,Maharashtra,2025-08-11,P002,ACTIVE
C000833,Dayita,Dugar,Female,1997-05-30,Nagpur,Maharashtra,2026-07-03,P004,ACTIVE
C000834,Oliver,Chatterjee,Female,1980-04-05,Bhopal,Madhya Pradesh,2026-03-29,P003,ACTIVE
C000835,Sachi,Sangha,Female,1996-07-11,Nashik,Madhya Pradesh,2026-08-14,P003,INACTIVE
C000836,Tara,Chokshi,Female,1977-02-05,Indore,Maharashtra,2025-06-24,P003,ACTIVE
C000837,Gaurika,Desai,Male,1978-02-16,Indore,Maharashtra,2024-08-03,P001,ACTIVE
C000838,Aahana,Walia,Male,1983-12-29,Nashik,Maharashtra,2026-02-12,P004,ACTIVE
C000839,Niharika,Karnik,Female,1962-04-23,Mumbai,Maharashtra,2024-05-05,P003,ACTIVE
C000840,Vedika,Dixit,Female,2002-08-19,Pune,Madhya Pradesh,2025-11-08,P001,ACTIVE
C000841,Shivani,Kata,Male,1998-03-13,Mumbai,Madhya Pradesh,2026-05-19,P001,ACTIVE
C000842,Vanya,Natt,Male,1974-03-12,Nagpur,Madhya Pradesh,2023-12-08,P002,INACTIVE
C000843,Rohan,Bakshi,Male,1997-01-27,Bhopal,Madhya Pradesh,2024-12-16,P003,ACTIVE
C000844,Wazir,Banerjee,Male,1983-07-19,Pune,Madhya Pradesh,2024-04-19,P003,INACTIVE
C000845,Faras,Dugar,Male,1978-06-04,Pune,Madhya Pradesh,2026-09-16,P001,ACTIVE
C000846,Sarthak,Khosla,Male,1986-03-14,Nagpur,Madhya Pradesh,2025-12-27,P003,ACTIVE
C000847,Abdul,Kapadia,Male,1961-11-13,Nashik,Maharashtra,2024-11-25,P001,ACTIVE
C000848,Nachiket,Barad,Male,1968-01-27,Bhopal,Madhya Pradesh,2026-05-04,P001,ACTIVE
C000849,Brijesh,Kumar,Male,1992-08-27,Nashik,Maharashtra,2024-12-05,P001,ACTIVE
C000850,Rajata,Rau,Male,1997-07-16,Bhopal,Maharashtra,2024-09-04,P001,ACTIVE
C000851,Rushil,Khatri,Male,1971-11-11,Nashik,Madhya Pradesh,2024-03-19,P004,ACTIVE
C000852,Kabir,Brahmbhatt,Female,1980-05-29,Nashik,Maharashtra,2025-04-07,P003,ACTIVE
C000853,Wriddhish,Bail,Male,1963-01-10,Nagpur,Madhya Pradesh,2026-06-09,P004,ACTIVE
C000854,Pahal,Nayak,Female,2000-10-17,Nashik,Maharashtra,2024-06-22,P001,INACTIVE
C000855,Chaitanya,Sahota,Female,1977-05-26,Nagpur,Madhya Pradesh,2025-08-19,P001,ACTIVE
C000856,Madhav,Kumer,Female,2004-10-31,Nashik,Maharashtra,2025-03-08,P004,INACTIVE
C000857,Praneel,Nayak,Male,1982-12-03,Indore,Maharashtra,2024-10-15,P001,ACTIVE
C000858,Kashvi,Rajan,Male,1957-09-27,Nashik,Madhya Pradesh,2025-06-25,P002,ACTIVE
C000859,Harish,Dara,Female,1983-05-13,Nashik,Madhya Pradesh,2025-06-18,P002,ACTIVE
C000860,Shravya,Sha,Female,1962-11-19,Pune,Maharashtra,2023-10-11,P003,ACTIVE
C000861,Ria,Tak,Female,2006-01-03,Nashik,Madhya Pradesh,2026-05-01,P003,ACTIVE
C000862,Dev,Biswas,Male,1966-02-05,Thane,Maharashtra,2024-05-29,P003,INACTIVE
C000863,Anthony,Dube,Female,1977-05-07,Mumbai,Maharashtra,2026-07-14,P003,INACTIVE
C000864,Naveen,Date,Female,1959-11-10,Mumbai,Maharashtra,2025-02-25,P001,ACTIVE
C000865,Vedika,Tailor,Female,1960-08-30,Pune,Maharashtra,2024-05-12,P002,ACTIVE
C000866,Max,Mammen,Female,1996-02-18,Bhopal,Maharashtra,2025-08-20,P001,ACTIVE
C000867,Vrishti,Murty,Male,1994-08-02,Nashik,Madhya Pradesh,2025-09-10,P004,ACTIVE
C000868,Joshua,Shankar,Male,1988-06-25,Nashik,Madhya Pradesh,2025-12-07,P002,INACTIVE
C000869,Warda,Panchal,Male,1977-06-17,Indore,Madhya Pradesh,2025-06-09,P001,INACTIVE
C000870,Lakshmi,Mukhopadhyay,Male,2001-06-20,Mumbai,Madhya Pradesh,2025-11-07,P001,ACTIVE
C000871,Ekta,Sachdeva,Female,1994-07-08,Pune,Madhya Pradesh,2026-09-18,P004,INACTIVE
C000872,Teerth,Raja,Male,1976-05-14,Mumbai,Maharashtra,2026-02-28,P003,ACTIVE
C000873,Radhika,Bora,Female,1959-10-23,Mumbai,Madhya Pradesh,2025-08-31,P001,INACTIVE
C000874,Triya,Sinha,Female,1971-09-05,Pune,Madhya Pradesh,2024-12-19,P002,ACTIVE
C000875,Nandini,Oommen,Male,1991-12-22,Thane,Maharashtra,2023-12-30,P001,ACTIVE
C000876,Dayamai,Walla,Male,1966-08-05,Bhopal,Madhya Pradesh,2026-09-08,P002,ACTIVE
C000877,Yadavi,Wali,Female,2005-04-07,Nashik,Maharashtra,2024-10-30,P001,ACTIVE
C000878,Kiaan,Raghavan,Male,1958-06-25,Nashik,Madhya Pradesh,2026-08-06,P001,ACTIVE
C000879,Krishna,Samra,Female,1961-12-28,Indore,Madhya Pradesh,2025-04-02,P002,ACTIVE
C000880,Warhi,Sathe,Female,1958-10-14,Indore,Madhya Pradesh,2025-09-15,P001,ACTIVE
C000881,Hredhaan,Chana,Female,1967-02-10,Thane,Madhya Pradesh,2023-11-19,P001,INACTIVE
C000882,Lila,Sandhu,Male,1988-03-25,Indore,Madhya Pradesh,2025-01-18,P003,ACTIVE
C000883,Banjeet,Bhat,Male,1976-07-20,Indore,Maharashtra,2025-10-08,P004,ACTIVE
C000884,Zilmil,Tara,Male,1980-04-14,Nagpur,Madhya Pradesh,2026-06-09,P003,INACTIVE
C000885,Sudiksha,Sharma,Male,1999-05-21,Mumbai,Maharashtra,2025-12-03,P004,INACTIVE
C000886,Victor,Rout,Male,1964-06-28,Thane,Madhya Pradesh,2023-11-02,P003,ACTIVE
C000887,Upasna,Devan,Female,2000-02-27,Nagpur,Maharashtra,2024-01-03,P004,ACTIVE
C000888,Idika,Sethi,Male,2005-10-01,Mumbai,Madhya Pradesh,2025-03-21,P001,ACTIVE
C000889,Laksh,Sathe,Male,1962-09-29,Pune,Madhya Pradesh,2026-03-30,P004,ACTIVE
C000890,Karan,Gaba,Female,1991-06-22,Nashik,Madhya Pradesh,2026-09-11,P001,INACTIVE
C000891,Timothy,Chandran,Male,1995-06-02,Indore,Madhya Pradesh,2023-10-27,P004,INACTIVE
C000892,Quincy,Goel,Female,1956-07-10,Pune,Maharashtra,2025-01-19,P001,INACTIVE
C000893,Nimrat,Issac,Female,1973-01-28,Indore,Maharashtra,2026-03-22,P001,INACTIVE
C000894,Samarth,Puri,Female,1997-11-12,Nashik,Maharashtra,2024-07-29,P001,ACTIVE
C000895,Chatresh,Menon,Male,1970-05-31,Pune,Madhya Pradesh,2026-07-29,P004,ACTIVE
C000896,Harinakshi,Bhatnagar,Male,2001-04-05,Thane,Madhya Pradesh,2024-10-06,P001,ACTIVE
C000897,Aayush,Nath,Male,1990-11-13,Nagpur,Maharashtra,2026-09-13,P004,ACTIVE
C000898,Yatin,Date,Female,1982-01-24,Nagpur,Maharashtra,2024-07-27,P002,ACTIVE
C000899,Yug,Pillai,Female,1994-11-22,Thane,Maharashtra,2026-01-19,P002,ACTIVE
C000900,Lopa,Sunder,Male,1985-04-02,Pune,Maharashtra,2025-02-25,P002,INACTIVE
C000901,Ekaraj,Sule,Female,1978-02-25,Indore,Maharashtra,2026-01-02,P003,ACTIVE
C000902,Damini,Chaudry,Male,1992-03-17,Nagpur,Madhya Pradesh,2025-10-26,P004,ACTIVE
C000903,Rachit,Wason,Male,2001-01-05,Nashik,Madhya Pradesh,2024-09-12,P004,ACTIVE
C000904,Chandresh,Hayer,Male,2001-03-08,Mumbai,Madhya Pradesh,2026-09-13,P001,ACTIVE
C000905,Nitara,Kapur,Female,1986-09-23,Bhopal,Maharashtra,2024-01-10,P004,ACTIVE
C000906,Nathaniel,Chopra,Female,1996-07-25,Mumbai,Madhya Pradesh,2024-12-08,P002,ACTIVE
C000907,Vincent,Kala,Male,1993-02-19,Bhopal,Maharashtra,2025-09-11,P002,ACTIVE
C000908,Nisha,Hans,Male,1979-07-06,Nashik,Maharashtra,2025-05-16,P004,ACTIVE
C000909,Xiti,Murthy,Male,1956-07-14,Thane,Maharashtra,2024-08-13,P001,ACTIVE
C000910,Shivansh,Mukhopadhyay,Male,1967-01-15,Thane,Maharashtra,2025-02-02,P004,ACTIVE
C000911,Eshana,Dara,Male,1979-01-26,Indore,Maharashtra,2024-03-31,P004,ACTIVE
C000912,Owen,Malhotra,Male,1974-08-19,Thane,Maharashtra,2025-07-16,P001,ACTIVE
C000913,Advaith,Kant,Female,1991-07-16,Indore,Maharashtra,2024-09-17,P002,ACTIVE
C000914,Fitan,Rai,Female,2005-02-01,Pune,Madhya Pradesh,2024-08-16,P004,ACTIVE
C000915,Ryan,Rege,Female,1956-01-27,Nagpur,Madhya Pradesh,2024-08-30,P001,INACTIVE
C000916,Tarak,Mand,Female,1957-11-20,Thane,Madhya Pradesh,2025-12-26,P002,ACTIVE
C000917,Vidhi,Nagarajan,Female,1980-12-26,Pune,Maharashtra,2024-01-24,P003,ACTIVE
C000918,Charita,Bhatia,Female,1959-02-10,Pune,Madhya Pradesh,2026-02-08,P003,ACTIVE
C000919,Hritik,Singh,Male,1986-02-11,Nashik,Madhya Pradesh,2023-12-09,P003,ACTIVE
C000920,Saksham,Deol,Female,1988-11-10,Pune,Maharashtra,2026-05-20,P002,ACTIVE
C000921,Jeevika,Tara,Female,1975-02-21,Nagpur,Maharashtra,2024-01-13,P004,INACTIVE
C000922,Jatin,Nagar,Female,1974-05-24,Bhopal,Maharashtra,2024-06-22,P002,ACTIVE
C000923,Chakradhar,Balan,Male,1995-07-07,Indore,Maharashtra,2025-09-10,P003,ACTIVE
C000924,Vasatika,Nayar,Male,1983-12-21,Nagpur,Maharashtra,2026-08-31,P001,ACTIVE
C000925,Wahab,Luthra,Male,1976-03-13,Nashik,Madhya Pradesh,2024-11-16,P002,ACTIVE
C000926,Gayathri,Tandon,Male,1966-02-06,Bhopal,Maharashtra,2025-05-27,P004,INACTIVE
C000927,Samar,Kapoor,Male,1967-02-21,Mumbai,Maharashtra,2024-06-26,P002,ACTIVE
C000928,Udant,Chauhan,Male,1999-08-15,Bhopal,Madhya Pradesh,2026-08-09,P003,ACTIVE
C000929,Yamini,Mangal,Male,1987-09-21,Nagpur,Madhya Pradesh,2025-11-12,P004,ACTIVE
C000930,Vansha,Bhatia,Female,1979-02-07,Nagpur,Madhya Pradesh,2025-09-28,P001,ACTIVE
C000931,Chaitanya,Radhakrishnan,Female,1959-11-04,Nagpur,Maharashtra,2025-08-31,P003,ACTIVE
C000932,Om,Goyal,Female,1975-08-01,Pune,Madhya Pradesh,2023-10-12,P003,ACTIVE
C000933,Saumya,Nadkarni,Male,1974-11-05,Indore,Maharashtra,2024-05-26,P002,ACTIVE
C000934,Lakshit,Kata,Male,1999-03-04,Bhopal,Madhya Pradesh,2026-01-23,P002,ACTIVE
C000935,Warinder,Vora,Female,1989-06-28,Indore,Madhya Pradesh,2025-04-30,P003,ACTIVE
C000936,Bimala,Sawhney,Male,1959-07-02,Pune,Madhya Pradesh,2026-03-16,P001,ACTIVE
C000937,Ekapad,Saini,Female,1966-09-14,Thane,Maharashtra,2026-01-23,P001,INACTIVE
C000938,Jack,Bose,Female,1983-04-27,Nashik,Maharashtra,2024-07-09,P002,ACTIVE
C000939,Harrison,Dar,Female,1996-03-08,Thane,Madhya Pradesh,2024-04-05,P001,ACTIVE
C000940,Utkarsh,Pathak,Male,1956-05-15,Nashik,Madhya Pradesh,2025-05-06,P003,ACTIVE
C000941,Theodore,Mahajan,Male,1997-08-31,Mumbai,Maharashtra,2024-11-01,P002,INACTIVE
C000942,Pratyush,Choudhry,Female,1964-07-02,Pune,Madhya Pradesh,2025-01-26,P004,INACTIVE
C000943,Gaurav,Jain,Male,1991-11-13,Bhopal,Madhya Pradesh,2025-06-06,P001,ACTIVE
C000944,Onveer,Kohli,Male,1962-12-20,Indore,Madhya Pradesh,2024-08-16,P003,ACTIVE
C000945,Abhiram,Doctor,Female,1987-10-11,Mumbai,Maharashtra,2024-01-28,P003,ACTIVE
C000946,Naveen,Manda,Male,1983-11-11,Nashik,Maharashtra,2024-10-11,P002,INACTIVE
C000947,Christopher,Sastry,Male,1975-01-27,Nashik,Madhya Pradesh,2026-01-15,P004,ACTIVE
C000948,Maanav,Agate,Male,1988-03-27,Pune,Maharashtra,2025-09-19,P004,ACTIVE
C000949,Netra,Randhawa,Male,1957-10-03,Pune,Madhya Pradesh,2024-08-17,P003,ACTIVE
C000950,Leena,Prashad,Male,2003-07-13,Bhopal,Maharashtra,2026-05-11,P001,INACTIVE
C000951,Ishaan,Swamy,Female,1966-01-15,Mumbai,Madhya Pradesh,2024-08-16,P001,ACTIVE
C000952,Chaitaly,Bath,Female,1993-07-28,Nashik,Madhya Pradesh,2024-11-13,P002,INACTIVE
C000953,Isha,Deep,Male,1962-11-10,Indore,Madhya Pradesh,2025-06-14,P002,INACTIVE
C000954,Dominic,Mitra,Female,1960-03-22,Nagpur,Madhya Pradesh,2024-12-31,P003,INACTIVE
C000955,Tara,Date,Female,1983-02-02,Indore,Madhya Pradesh,2025-08-30,P004,ACTIVE
C000956,Madhavi,Issac,Female,1982-03-10,Bhopal,Maharashtra,2026-03-18,P003,INACTIVE
C000957,Pooja,Vaidya,Female,1987-03-02,Pune,Madhya Pradesh,2026-05-14,P003,ACTIVE
C000958,Sanya,Natt,Female,1988-12-23,Thane,Madhya Pradesh,2024-06-19,P003,ACTIVE
C000959,Rehaan,Bhandari,Female,1978-08-27,Nagpur,Maharashtra,2025-01-27,P002,ACTIVE
C000960,Eesha,Chand,Male,1997-09-11,Indore,Maharashtra,2026-07-18,P003,INACTIVE
C000961,Barkha,Keer,Female,1963-03-01,Mumbai,Maharashtra,2025-01-01,P004,ACTIVE
C000962,Samarth,Ray,Male,1993-03-23,Pune,Maharashtra,2026-08-19,P002,ACTIVE
C000963,Warhi,Choudhury,Female,1995-08-17,Bhopal,Madhya Pradesh,2025-03-27,P002,ACTIVE
C000964,Darpan,Talwar,Female,1968-02-27,Mumbai,Maharashtra,2024-10-24,P003,ACTIVE
C000965,Prisha,Prasad,Female,1989-07-19,Bhopal,Maharashtra,2024-12-13,P002,ACTIVE
C000966,Yochana,Nanda,Female,1972-02-19,Nashik,Madhya Pradesh,2026-07-05,P004,ACTIVE
C000967,Chanchal,Nanda,Male,1966-04-03,Pune,Madhya Pradesh,2024-10-03,P003,ACTIVE
C000968,George,Grewal,Male,1980-01-07,Thane,Maharashtra,2025-12-31,P001,ACTIVE
C000969,Nachiket,Bail,Male,1968-11-11,Pune,Madhya Pradesh,2025-07-06,P001,INACTIVE
C000970,Yochana,Mahajan,Female,1986-02-14,Bhopal,Madhya Pradesh,2024-07-05,P003,INACTIVE
C000971,Shravya,Sant,Female,1997-12-31,Mumbai,Madhya Pradesh,2026-08-23,P001,ACTIVE
C000972,Arin,Narang,Male,1961-07-19,Indore,Madhya Pradesh,2025-06-18,P004,INACTIVE
C000973,Chanchal,Saraf,Female,1967-08-10,Mumbai,Maharashtra,2025-06-23,P003,ACTIVE
C000974,Bachittar,Goel,Male,1994-12-07,Indore,Madhya Pradesh,2024-08-03,P002,ACTIVE
C000975,Edhitha,Arya,Male,2005-04-19,Thane,Maharashtra,2024-02-07,P004,INACTIVE
C000976,Vamakshi,Krish,Female,1958-12-12,Nashik,Maharashtra,2026-09-05,P001,ACTIVE
C000977,Vedant,Gupta,Female,1966-02-18,Nashik,Maharashtra,2026-09-18,P001,ACTIVE
C000978,Ekavir,Patla,Male,1992-08-01,Mumbai,Madhya Pradesh,2026-01-08,P003,INACTIVE
C000979,Bhavya,Sibal,Female,1998-01-28,Indore,Madhya Pradesh,2025-12-23,P001,ACTIVE
C000980,Siya,Samra,Female,1958-10-24,Pune,Maharashtra,2024-10-28,P003,INACTIVE
C000981,Nidhi,Mall,Female,1963-06-08,Bhopal,Maharashtra,2025-09-10,P003,ACTIVE
C000982,Varenya,Merchant,Male,1963-07-27,Bhopal,Maharashtra,2024-09-22,P002,ACTIVE
C000983,Faris,Ramesh,Female,1956-09-17,Mumbai,Maharashtra,2026-08-18,P001,ACTIVE
C000984,Girik,Gole,Female,2002-03-11,Indore,Maharashtra,2024-12-30,P003,INACTIVE
C000985,Shivani,Lall,Female,1999-08-18,Nagpur,Maharashtra,2024-04-16,P002,ACTIVE
C000986,Abhimanyu,Yogi,Male,1978-02-24,Nagpur,Madhya Pradesh,2023-10-06,P002,ACTIVE
C000987,Sara,Kakar,Male,1968-09-14,Bhopal,Maharashtra,2026-01-04,P002,ACTIVE
C000988,Dalbir,Brahmbhatt,Female,1979-05-29,Nagpur,Maharashtra,2024-01-05,P004,INACTIVE
C000989,Wishi,Brar,Male,1974-12-12,Nagpur,Maharashtra,2024-03-21,P002,ACTIVE
C000990,Udarsh,Reddy,Male,1958-12-12,Nashik,Madhya Pradesh,2026-03-13,P002,ACTIVE
C000991,Kamala,Rama,Female,1962-09-01,Thane,Madhya Pradesh,2024-12-08,P001,ACTIVE
C000992,Ijaya,Barad,Male,1964-07-27,Mumbai,Maharashtra,2024-11-24,P004,ACTIVE
C000993,Varenya,Rajagopalan,Male,1971-03-28,Pune,Madhya Pradesh,2023-12-27,P004,ACTIVE
C000994,Gaurav,Hayre,Male,1999-10-05,Nagpur,Maharashtra,2025-10-31,P002,INACTIVE
C000995,Indali,Devan,Female,1970-12-13,Mumbai,Maharashtra,2025-08-26,P004,ACTIVE
C000996,Shravya,Tata,Male,1984-01-24,Bhopal,Madhya Pradesh,2025-01-12,P004,INACTIVE
C000997,Wyatt,Bansal,Female,1957-09-01,Nashik,Maharashtra,2024-02-25,P004,ACTIVE
C000998,Hemani,Kota,Female,1968-08-08,Indore,Maharashtra,2025-08-07,P002,INACTIVE
C000999,Oscar,Chauhan,Female,1995-05-21,Bhopal,Maharashtra,2026-07-08,P001,ACTIVE
C001000,Pranav,Hora,Male,1975-05-26,Nagpur,Maharashtra,2024-11-01,P003,ACTIVE
